# Blender 5.0.1
# www.blender.org
mtllib Blob.mtl
o Quad_Sphere
v 0.172297 0.900001 0.900001
v -0.143845 0.902496 0.902496
v -0.256446 0.889923 0.889923
v 0.200570 -0.897068 0.897068
v 0.514073 -0.832292 0.832292
v 0.810444 0.631889 0.824496
v 0.837017 0.515449 0.840779
v 0.908926 0.058263 0.908183
v 0.914729 0.030541 0.911652
v 0.922266 0.002364 0.915822
v 0.929184 -0.027051 0.919359
v 0.933286 -0.057708 0.921098
v 0.932856 -0.088863 0.920258
v 0.927748 -0.119348 0.916811
v 0.919146 -0.148299 0.911343
v 0.909169 -0.175599 0.904908
v 0.900070 -0.201926 0.898684
v 0.846245 -0.466295 0.846245
v 0.802326 -0.601862 0.802326
v 0.787074 -0.640875 0.787074
v 0.880844 0.891104 -0.695921
v 0.899231 0.910246 -0.685646
v 0.919586 0.931574 -0.679308
v 0.998672 1.017056 -0.671601
v 1.028208 1.049072 -0.656931
v 1.057548 1.078743 -0.631189
v 1.087960 1.104535 -0.595572
v 1.116526 1.123416 -0.548680
v 1.137159 1.131391 -0.494175
v 1.143936 1.127054 -0.441176
v 1.139424 1.114488 -0.395280
v 1.132294 1.101425 -0.356082
v 1.132052 1.095871 -0.320776
v 1.160718 1.106531 -0.211713
v 1.168138 1.109470 -0.174250
v 1.177572 1.112674 -0.099433
v 1.180568 1.113056 -0.025281
v 1.178548 1.110827 0.046473
v 1.161148 1.101592 0.184312
v 1.104779 1.076272 0.391548
v 1.098155 1.071459 0.428006
v 1.090687 1.065161 0.466113
v 1.079012 1.055866 0.504321
v 1.062443 1.043575 0.540413
v 1.041626 1.028592 0.572349
v 1.017890 1.011539 0.599441
v 0.993238 0.993445 0.622103
v 0.969930 0.975136 0.642519
v 0.948947 0.956872 0.662829
v 0.892330 0.900972 0.718286
v 0.874347 0.882530 0.732553
v 0.759871 -0.759871 0.703479
v 0.846245 -0.846245 0.466295
v 0.902496 -0.902496 0.143845
v 0.805380 0.654427 -0.819856
v 0.840070 0.516670 -0.845810
v 0.906832 0.116787 -0.906747
v 0.920130 0.094522 -0.919542
v 0.965583 0.050374 -0.961494
v 0.986593 0.020277 -0.980201
v 1.001795 -0.016512 -0.993559
v 1.009504 -0.058098 -1.000377
v 1.009040 -0.101113 -0.999961
v 1.000661 -0.141828 -0.992422
v 0.985388 -0.177198 -0.978584
v 0.964633 -0.205503 -0.959613
v 0.940277 -0.226797 -0.937067
v 0.916410 -0.244330 -0.914692
v 0.897709 -0.262594 -0.897137
v 0.886700 -0.284855 -0.886648
v 0.787074 -0.640875 -0.787074
v -0.364604 0.870849 -0.870849
v 0.704407 0.788752 -0.801843
v -0.028880 -0.907980 -0.907980
v -0.881147 -0.311211 0.881146
v -0.889923 -0.256446 0.889923
v -0.859163 -0.859163 0.416377
v -0.772932 -0.772932 0.674422
v -0.920870 -0.172365 0.878624
v -0.923435 0.143901 0.881051
v -0.770605 0.707424 0.745258
v -0.811822 -0.682278 0.724660
v -0.841271 -0.625377 0.742198
v -0.885634 -0.516243 0.773845
v -0.893710 -0.492479 0.780024
v -0.963791 -0.144328 0.836641
v -0.968983 -0.057926 0.841076
v -0.799186 -0.741169 0.679456
v -0.971416 -0.341333 0.767811
v -1.007571 -0.058243 0.794418
v -1.004443 0.116270 0.792002
v -1.002095 0.145128 0.790212
v -0.971416 0.341333 0.767811
v -0.965102 0.368152 0.763369
v -0.909314 0.543252 0.726441
v -0.994909 -0.315338 0.748605
v -1.005498 -0.259766 0.755769
v -0.928946 0.571810 0.678073
v -0.953373 -0.551592 0.660694
v -0.973340 -0.502959 0.670323
v -1.022156 -0.345770 0.696657
v -1.044574 -0.233586 0.709925
v -1.058141 -0.117684 0.718455
v -0.869497 0.704074 0.630829
v -1.072342 0.147615 0.691363
v -1.065374 0.205888 0.687226
v -1.030845 0.374952 0.668177
v -0.980119 -0.558370 0.614231
v -1.053227 -0.349445 0.646755
v -1.071850 -0.264757 0.656301
v -0.914659 -0.699688 0.568794
v -0.942717 -0.655914 0.575111
v -1.109011 0.089724 0.641665
v -1.101619 -0.267757 0.603684
v -1.126640 -0.030111 0.616008
v -1.016305 0.540765 0.569551
v -0.909314 0.726441 0.543252
v -0.850636 -0.813374 0.514326
v -1.136449 0.120877 0.586142
v -1.125866 0.210501 0.581210
v -1.095531 0.355638 0.568353
v -1.070034 0.438965 0.558595
v -1.060386 0.465962 0.555113
v -0.918430 0.732114 0.519795
v -1.051007 -0.522052 0.522052
v -1.091643 -0.414117 0.535270
v -1.108444 -0.357805 0.541313
v -1.150316 -0.121589 0.558283
v -0.987647 0.646830 0.505820
v -1.163550 0.122312 0.529982
v -0.915971 -0.797491 0.417965
v -0.999885 -0.684235 0.426313
v -1.082345 -0.532075 0.441719
v -1.192252 -0.061990 0.473690
v -1.192252 0.061990 0.473690
v -1.134851 0.393223 0.455171
v -1.094066 0.505118 0.444486
v -1.065999 -0.588233 0.409047
v -1.161963 -0.337066 0.431185
v -1.169389 -0.307381 0.433285
v -1.201799 -0.093459 0.443437
v -1.187521 0.216798 0.438729
v -1.161963 0.337066 0.431185
v -1.023195 0.664210 0.401980
v -1.015231 -0.692721 0.373008
v -1.123973 -0.483309 0.390881
v -1.112468 0.511042 0.388512
v -1.037972 0.671948 0.347549
v -0.971416 0.767811 0.341333
v -0.940397 -0.817190 0.312320
v -1.089151 -0.598056 0.325224
v -0.977270 0.771974 0.314149
v -0.921171 0.839028 0.311716
v -1.147377 -0.490835 0.303806
v -1.239847 0.095486 0.321485
v -1.237166 0.127180 0.320837
v -1.233721 0.158760 0.320028
v -1.218851 0.252526 0.316741
v -1.212402 0.283365 0.315398
v -0.950058 -0.825141 0.257338
v -1.039782 -0.707015 0.262057
v -1.071851 -0.656301 0.264758
v -1.251635 -0.128338 0.258128
v -1.254393 -0.096358 0.258657
v -1.257942 0.000000 0.259368
v -1.201936 0.377564 0.249975
v -1.224558 -0.317968 0.221461
v -1.260501 0.096743 0.226867
v -1.152475 0.525470 0.213013
v -1.085247 -0.663575 0.177755
v -1.169278 -0.498613 0.184023
v -1.243774 -0.256683 0.191916
v -1.069149 0.689450 0.176836
v -0.963791 -0.836641 0.144328
v -1.088525 -0.665424 0.148379
v -1.173051 -0.500050 0.153599
v -1.248094 0.257466 0.160201
v -1.216350 0.381432 0.157142
v -1.160531 0.528719 0.152690
v -1.176136 -0.501254 0.123040
v -1.271166 -0.130054 0.130054
v -1.074954 0.692951 0.118254
v -1.004443 0.792002 0.116270
v -0.987264 -0.816961 0.087034
v -1.254393 -0.258657 0.096357
v -1.265817 -0.194863 0.097090
v -1.280235 -0.032661 0.098102
v -1.278993 0.065290 0.098008
v -1.276926 0.097856 0.097856
v -1.265817 0.194863 0.097090
v -0.927184 0.884605 0.086565
v -1.224129 0.383696 0.063052
v -1.180242 0.502913 0.061626
v -0.989294 -0.818624 0.029047
v -1.008351 -0.795029 0.029135
v -1.181265 0.503341 0.030826
v -1.095946 -0.669771 -0.000000
v -1.155544 -0.560721 -0.000000
v -1.215663 -0.414552 -0.000000
v -1.234824 -0.353414 -0.000000
v -1.234824 0.353414 0.000000
v -1.079577 0.695848 0.000000
v -0.929064 -0.886395 -0.028891
v -1.095652 -0.669590 -0.029782
v -1.204649 -0.444454 -0.031189
v -1.269047 -0.195344 -0.032404
v -1.280235 0.098102 -0.032661
v -1.257548 0.259286 -0.032159
v -0.929064 0.886395 -0.028891
v -1.154242 -0.560096 -0.060900
v -1.278993 -0.098008 -0.065290
v -1.256365 0.259046 -0.064288
v -1.224129 0.383696 -0.063052
v -1.180242 0.502913 -0.061626
v -0.968983 0.841076 -0.057926
v -1.006268 -0.793407 -0.087298
v -1.093283 -0.668175 -0.089241
v -1.247505 -0.290205 -0.095937
v -1.274037 0.130328 -0.097650
v -1.136449 -0.586142 -0.120877
v -1.274037 -0.097650 -0.130328
v -1.277736 0.000000 -0.130695
v -0.923436 -0.881051 -0.143901
v -0.963791 -0.836641 -0.144328
v -1.038301 -0.741778 -0.146243
v -1.248094 -0.257466 -0.160201
v -0.963791 0.836641 -0.144328
v -0.923435 0.881051 -0.143901
v -1.156839 -0.527210 -0.182933
v -1.192160 -0.440207 -0.186183
v -1.262995 -0.129310 -0.194458
v -1.269451 0.000000 -0.195406
v -1.265817 0.097090 -0.194863
v -1.212277 0.380304 -0.188263
v -1.238681 0.255788 -0.223454
v -1.139485 0.553558 -0.211749
v -1.096797 0.635156 -0.208098
v -1.014035 0.761686 -0.203119
v -1.218851 -0.316741 -0.252526
v -1.134563 0.551504 -0.241456
v -0.910485 -0.868844 -0.256550
v -0.950058 -0.825141 -0.257338
v -1.022913 -0.731640 -0.260853
v -1.176130 0.435253 -0.277424
v -0.910485 0.868844 -0.256550
v -1.205222 -0.313951 -0.313951
v -1.237166 -0.127180 -0.320837
v -1.242911 -0.031867 -0.322253
v -1.243294 0.000000 -0.322353
v -1.239847 0.095486 -0.321485
v -1.237166 0.127180 -0.320837
v -1.224558 0.221461 -0.317968
v -1.218851 0.252526 -0.316741
v -1.169389 0.433285 -0.307381
v -1.000455 0.752335 -0.287702
v -1.044564 -0.675505 -0.319797
v -1.102839 -0.571313 -0.327166
v -1.115923 0.544124 -0.329144
v -1.201936 -0.249975 -0.377564
v -1.216350 -0.157142 -0.381432
v -0.890762 -0.850402 -0.364760
v -1.030845 -0.668177 -0.374952
v -1.134851 -0.455171 -0.393223
v -1.145088 0.426647 -0.395520
v -1.060385 0.617642 -0.379200
v -0.982354 0.740323 -0.369586
v -1.201799 -0.093459 -0.443437
v -1.199301 0.124486 -0.442574
v -1.187521 0.216798 -0.438729
v -1.182176 0.247221 -0.437072
v -1.135662 0.424242 -0.424242
v -0.951155 -0.753730 -0.420578
v -1.180242 -0.061626 -0.502913
v -1.094066 -0.444486 -0.505118
v -1.112468 -0.388512 -0.511042
v -1.128389 -0.331141 -0.516502
v -1.141746 -0.272570 -0.521356
v -1.160531 -0.152690 -0.528719
v -0.865204 0.826728 -0.466512
v -1.155220 -0.030463 -0.560563
v -1.154242 0.060900 -0.560096
v -1.134563 0.241456 -0.551505
v -1.108444 0.357805 -0.541313
v -1.082345 0.441719 -0.532075
v -0.943107 0.715776 -0.497899
v -0.977565 -0.642274 -0.530606
v -1.016305 -0.569551 -0.540765
v -1.140284 -0.060543 -0.588029
v -1.016305 0.569551 -0.540765
v -1.003928 0.594283 -0.537258
v -0.934016 0.710440 -0.522092
v -0.835157 -0.799360 -0.559668
v -0.868615 -0.761202 -0.561935
v -1.110531 0.059860 -0.642518
v -1.100770 0.178725 -0.637223
v -1.067912 0.351438 -0.621085
v -0.907181 -0.668193 -0.616629
v -0.987647 -0.505820 -0.646830
v -1.023195 -0.401980 -0.664210
v -1.037972 -0.347549 -0.671948
v -1.050610 -0.291725 -0.678828
v -1.061022 -0.234741 -0.684704
v -1.074954 -0.118254 -0.692952
v -1.078426 -0.059233 -0.695112
v -1.079577 0.000000 -0.695848
v -1.065374 0.205888 -0.687226
v -1.056098 0.263363 -0.681900
v -0.967008 0.554887 -0.637721
v -0.893801 0.689150 -0.613092
v -0.991494 0.452327 -0.679728
v -0.973340 0.502959 -0.670323
v -1.026888 0.029239 -0.770933
v -1.017516 0.174471 -0.764141
v -0.994909 0.315338 -0.748605
v -0.847518 0.693932 -0.670718
v -0.869497 -0.630830 -0.704074
v -0.899848 -0.566110 -0.720753
v -0.991946 -0.230715 -0.782627
v -1.002095 -0.145128 -0.790212
v -0.852171 -0.560539 -0.780571
v -0.910144 -0.365214 -0.829426
v -0.926066 -0.284438 -0.843319
v -0.930531 -0.256852 -0.847249
v -0.938122 0.200880 -0.853971
v -0.915859 0.338651 -0.834392
v -0.868414 0.515061 -0.793889
v -0.799186 0.679456 -0.741169
v -0.925542 -0.115291 -0.883047
v -0.929299 0.000000 -0.886619
v -0.901421 0.311340 -0.860348
v -0.878639 0.416562 -0.839143
v -0.835157 0.559668 -0.799360
v -0.514326 -0.850637 -0.813374
v -0.466512 -0.865204 -0.826728
v 0.086565 -0.927184 -0.884605
v 0.200649 -0.917851 -0.875774
v 0.416562 -0.878639 -0.839143
v 0.514326 -0.850637 -0.813374
v 0.707424 -0.770605 -0.745259
v 0.679456 -0.799186 -0.741169
v -0.715257 -0.791522 -0.715257
v -0.000000 -0.969971 -0.841931
v 0.087034 -0.987264 -0.816961
v 0.229997 -0.973336 -0.805859
v 0.313137 -0.959098 -0.794838
v 0.541129 -0.893560 -0.747275
v -0.609924 -0.879923 -0.709520
v -0.420578 -0.951155 -0.753730
v -0.286630 -0.982651 -0.775843
v -0.202383 -0.995842 -0.785514
v -0.087298 -1.006268 -0.793407
v 0.674754 -0.859712 -0.674754
v -0.087964 -1.042704 -0.744797
v -0.000000 -1.062648 -0.721437
v 0.088357 -1.060117 -0.719747
v 0.175976 -1.052487 -0.714839
v 0.204882 -1.048811 -0.712538
v 0.318179 -1.028563 -0.700364
v 0.399865 -1.007802 -0.688573
v 0.527535 -0.963582 -0.665513
v 0.598075 -0.931618 -0.651218
v -0.624544 -0.932513 -0.624544
v -0.454801 -1.006385 -0.655771
v -0.428605 -1.015037 -0.660068
v -0.347549 -1.037972 -0.671948
v -0.205888 -1.065374 -0.687226
v -0.118254 -1.074954 -0.692952
v -0.773812 -0.843724 -0.582268
v 0.406595 -1.052301 -0.614031
v 0.699688 -0.914659 -0.568794
v 0.799360 -0.835157 -0.559668
v -0.726441 -0.909314 -0.543252
v -0.637721 -0.967008 -0.554887
v 0.806431 -0.842996 -0.537326
v -0.642274 -0.977565 -0.530606
v -0.518665 -1.039437 -0.547950
v -0.298389 -1.109536 -0.574096
v -0.180781 -1.130037 -0.583116
v -0.120877 -1.136449 -0.586142
v -0.000000 -1.141556 -0.588678
v 0.150897 -1.133566 -0.584765
v 0.210501 -1.125866 -0.581210
v 0.327166 -1.102840 -0.571313
v 0.618528 -0.991014 -0.533860
v 0.495704 -1.062018 -0.525439
v 0.670323 -0.973340 -0.502959
v -0.806661 -0.883611 -0.467141
v -0.743225 -0.935561 -0.471203
v -0.498880 -1.073279 -0.498880
v 0.030644 -1.168567 -0.532168
v -0.390881 -1.123973 -0.483309
v 0.833069 -0.872075 -0.441783
v -0.660068 -1.015037 -0.428605
v 0.031008 -1.193298 -0.474098
v 0.684235 -0.999885 -0.426313
v -0.155403 -1.196087 -0.441494
v 0.247221 -1.182176 -0.437073
v 0.366454 -1.153859 -0.428966
v 0.508129 -1.103571 -0.416686
v 0.614031 -1.052301 -0.406595
v -0.565234 -1.087619 -0.383779
v 0.368524 -1.163592 -0.399918
v 0.483309 -1.123973 -0.390881
v 0.785905 -0.947315 -0.366931
v -0.767811 -0.971416 -0.341333
v -0.671948 -1.037972 -0.347549
v -0.399918 -1.163592 -0.368524
v -0.370526 -1.172652 -0.370526
v -0.188263 -1.212278 -0.380304
v 0.063052 -1.224129 -0.383696
v 0.188263 -1.212278 -0.380304
v 0.790519 -0.953427 -0.340218
v -0.488460 -1.140227 -0.333138
v 0.860348 -0.901421 -0.311340
v -0.190196 -1.229517 -0.319067
v -0.847249 -0.930531 -0.256852
v -0.095937 -1.247505 -0.290205
v -0.000000 -1.251005 -0.290996
v 0.253699 -1.226211 -0.285894
v 0.802524 -0.969064 -0.257994
v -0.495100 -1.159680 -0.244352
v -0.377564 -1.201936 -0.249975
v 0.032159 -1.257548 -0.259286
v 0.160201 -1.248094 -0.257467
v -0.687226 -1.065374 -0.205888
v -0.496958 -1.164820 -0.214283
v 0.317968 -1.224558 -0.221461
v 0.379010 -1.207471 -0.219217
v 0.635156 -1.096797 -0.208098
v 0.712538 -1.048811 -0.204882
v -0.256683 -1.243774 -0.191916
v 0.498613 -1.169278 -0.184023
v 0.583116 -1.130038 -0.180781
v -0.859099 -0.943868 -0.144065
v -0.381432 -1.216350 -0.157142
v 0.381432 -1.216350 -0.157142
v -0.792002 -1.004443 -0.116270
v -0.692951 -1.074954 -0.118254
v -0.501254 -1.176136 -0.123040
v -0.382381 -1.219684 -0.125881
v -0.162334 -1.267483 -0.129713
v 0.194458 -1.262995 -0.129310
v 0.258128 -1.251635 -0.128338
v 0.065290 -1.278993 -0.098008
v 0.162673 -1.270332 -0.097394
v 0.840012 -0.967746 -0.086821
v 0.720680 -1.061525 -0.058948
v 0.841076 -0.968983 -0.057926
v -0.695662 -1.079290 -0.029629
v -0.669590 -1.095652 -0.029782
v -0.503341 -1.181266 -0.030826
v -0.384038 -1.225239 -0.031540
v -0.163077 -1.273593 -0.032506
v -0.098101 -1.280235 -0.032661
v 0.032743 -1.283568 -0.032743
v 0.353305 -1.234448 -0.031707
v 0.384038 -1.225239 -0.031540
v -0.795233 -1.008610 0.000000
v -0.503487 -1.181606 0.000000
v 0.560721 -1.155545 -0.000000
v -0.818624 -0.989294 0.029047
v -0.259286 -1.257548 0.032159
v 0.130653 -1.277325 0.032592
v 0.503341 -1.181266 0.030826
v 0.886395 -0.929064 0.028891
v 0.032712 -1.282317 0.065454
v 0.352988 -1.233318 0.063386
v 0.669055 -1.094765 0.059538
v -0.502213 -1.178533 0.092373
v -0.258657 -1.254394 0.096357
v -0.097856 -1.276926 0.097856
v -0.032661 -1.280235 0.098102
v 0.097856 -1.276926 0.097856
v 0.290205 -1.247505 0.095937
v 0.694205 -1.076981 0.088784
v 0.862561 -0.947718 0.086663
v -0.640491 -1.106879 0.119509
v -0.558283 -1.150316 0.121589
v -0.442574 -1.199301 0.124486
v -0.258128 -1.251635 0.128338
v 0.767984 -1.022876 0.116686
v -0.813678 -0.983201 0.144685
v 0.500050 -1.173051 0.153599
v 0.584765 -1.133566 0.150897
v 0.691363 -1.072343 0.147615
v -0.856739 -0.941229 0.172562
v -0.256683 -1.243774 0.191916
v 0.498613 -1.169278 0.184023
v -0.712538 -1.048811 0.204882
v -0.287008 -1.231996 0.222494
v 0.128850 -1.257709 0.226399
v 0.287008 -1.231996 0.222493
v 0.737360 -1.031695 0.203955
v -0.128338 -1.251635 0.258128
v -0.032159 -1.257548 0.259286
v 0.000000 -1.251005 0.290996
v 0.127780 -1.244783 0.289616
v -0.703822 -1.034442 0.290265
v -0.433285 -1.169389 0.307381
v 0.344260 -1.197320 0.312414
v 0.403950 -1.179391 0.309116
v 0.574096 -1.109536 0.298389
v 0.728327 -1.017722 0.288919
v 0.843319 -0.926066 0.284438
v -0.860348 -0.901421 0.311340
v -0.544124 -1.115923 0.329144
v -0.251281 -1.210755 0.347305
v -0.157970 -1.225404 0.350886
v 0.126546 -1.228795 0.351767
v 0.724733 -1.012009 0.316687
v 0.794838 -0.959098 0.313137
v -0.621085 -1.067912 0.351438
v -0.485946 -1.132422 0.362171
v -0.428966 -1.153859 0.366454
v -0.280511 -1.195678 0.375978
v 0.428967 -1.153859 0.366454
v 0.093991 -1.212394 0.413469
v 0.309116 -1.179391 0.403950
v 0.565234 -1.087619 0.383779
v -0.824150 -0.904043 0.391373
v -0.155403 -1.196087 0.441494
v -0.031189 -1.204649 0.444454
v 0.000000 -1.205004 0.444586
v -0.775872 -0.933832 0.419134
v 0.707906 -0.984185 0.424194
v -0.474838 -1.094874 0.474838
v -0.274202 -1.153864 0.493054
v 0.153599 -1.173051 0.500050
v 0.274202 -1.153864 0.493054
v 0.362171 -1.132422 0.485946
v 0.390881 -1.123973 0.483309
v 0.606390 -1.034510 0.460187
v 0.812746 -0.890757 0.442365
v 0.000000 -1.168900 0.532320
v 0.122312 -1.163550 0.529983
v -0.598354 -1.014637 0.512032
v -0.468922 -1.072466 0.528791
v -0.211749 -1.139485 0.553558
v -0.121589 -1.150316 0.558283
v 0.060899 -1.154242 0.560096
v 0.759142 -0.910718 0.493951
v -0.753251 -0.902304 0.517833
v 0.355638 -1.095531 0.568353
v 0.383779 -1.087619 0.565234
v 0.465962 -1.060387 0.555113
v 0.594284 -1.003928 0.537258
v -0.614231 -0.980119 0.558370
v -0.799360 -0.835157 0.559668
v -0.208098 -1.096797 0.635156
v 0.059860 -1.110531 0.642518
v 0.178725 -1.100770 0.637223
v 0.208098 -1.096797 0.635156
v -0.605858 -0.956851 0.605858
v 0.735251 -0.875153 0.585837
v -0.767045 -0.835099 0.603276
v -0.646656 -0.920080 0.620467
v 0.454801 -1.006385 0.655771
v 0.505820 -0.987647 0.646830
v 0.601870 -0.944480 0.628810
v 0.624544 -0.932513 0.624544
v 0.767046 -0.835099 0.603276
v -0.502959 -0.973340 0.670323
v -0.426313 -0.999885 0.684235
v -0.345770 -1.022156 0.696658
v -0.262057 -1.039782 0.707015
v -0.175976 -1.052487 0.714839
v -0.146900 -1.055598 0.716816
v 0.000000 -1.062648 0.721437
v 0.232522 -1.027573 0.734656
v 0.316687 -1.012009 0.724733
v 0.202383 -0.995842 0.785514
v 0.495769 -0.927183 0.737723
v 0.607188 -0.865528 0.729298
v -0.625377 -0.841271 0.742198
v -0.561935 -0.868615 0.761202
v -0.492479 -0.893711 0.780024
v -0.468153 -0.901470 0.786050
v -0.339318 -0.934907 0.812714
v -0.257338 -0.950058 0.825141
v -0.172880 -0.961077 0.834347
v -0.144328 -0.963791 0.836641
v 0.000000 -0.969971 0.841931
v 0.028976 -0.969724 0.841717
v 0.257338 -0.950058 0.825141
v 0.339318 -0.934907 0.812714
v 0.365945 -0.928995 0.807926
v 0.561935 -0.868615 0.761202
v 0.643216 -0.817329 0.753617
v -0.707424 -0.770605 0.745258
v -0.000000 0.929299 -0.886619
v -0.172365 0.920870 -0.878624
v 0.635326 0.865647 -0.772937
v 0.612349 0.871721 -0.774781
v 0.229417 0.954204 -0.828586
v -0.583794 0.859717 -0.754826
v -0.664283 0.821801 -0.730111
v 0.571028 0.920927 -0.743100
v 0.145128 1.002095 -0.790212
v 0.000000 1.008610 -0.795233
v 0.599718 0.934431 -0.724398
v -0.087609 1.024751 -0.769351
v -0.174471 1.017516 -0.764141
v -0.203119 1.014035 -0.761686
v -0.396139 0.975371 -0.735809
v 0.146243 1.038301 -0.741778
v 0.582922 0.976798 -0.685147
v -0.684083 0.882838 -0.634286
v 0.832825 0.923348 -0.690969
v 0.780883 0.948252 -0.683974
v -0.454801 1.006385 -0.655771
v -0.530606 0.977565 -0.642274
v 0.874174 0.928340 -0.683750
v 0.847731 0.944107 -0.679769
v 0.820553 0.957484 -0.674489
v 0.793037 0.968880 -0.668916
v 0.765042 0.978746 -0.664020
v 0.537859 1.020164 -0.639571
v 0.510893 1.023454 -0.638396
v 0.892363 0.951110 -0.677651
v 0.863520 0.967669 -0.672247
v 0.834405 0.980733 -0.663829
v 0.805440 0.991236 -0.655108
v 0.776445 1.000182 -0.647718
v 0.119509 1.106879 -0.640491
v -0.633217 0.955979 -0.578646
v -0.761202 0.868615 -0.561935
v 0.848657 1.007978 -0.657262
v 0.817776 1.016463 -0.643699
v 0.787867 1.023138 -0.631892
v 0.757783 1.029449 -0.623540
v 0.518111 1.056283 -0.591172
v -0.030111 1.126640 -0.616008
v 0.936668 1.009908 -0.675150
v 0.900706 1.028307 -0.666306
v 0.830282 1.045417 -0.633885
v 0.798982 1.048371 -0.616956
v 0.768464 1.051682 -0.604722
v 0.090750 1.138688 -0.587234
v -0.269333 1.115610 -0.576684
v -0.298388 1.109536 -0.574095
v -0.383779 1.087619 -0.565234
v -0.773845 0.885634 -0.516243
v 0.962596 1.044871 -0.669125
v 0.923110 1.064622 -0.659274
v 0.882415 1.075139 -0.643062
v 0.844070 1.077589 -0.622447
v 0.810146 1.076068 -0.601713
v 0.778915 1.075006 -0.585448
v 0.747040 1.077153 -0.575601
v 0.525747 1.087910 -0.541802
v 0.469290 1.089831 -0.537561
v 0.441547 1.092751 -0.537148
v -0.060899 1.154242 -0.560096
v 0.989686 1.079255 -0.653147
v 0.947514 1.100221 -0.643359
v 0.903029 1.110845 -0.627706
v 0.860073 1.111066 -0.606732
v 0.789706 1.099286 -0.565220
v 0.757304 1.098170 -0.553225
v 0.472344 1.103378 -0.511157
v -0.416685 1.103571 -0.508129
v -0.651344 0.997255 -0.480546
v 1.016381 1.109442 -0.626315
v 0.972718 1.131034 -0.617334
v 0.925157 1.142883 -0.603922
v 0.877945 1.142600 -0.584596
v 0.801198 1.123439 -0.542924
v 0.504100 1.116764 -0.486796
v 0.475379 1.116516 -0.484309
v 0.153599 1.173051 -0.500050
v -0.726136 0.960076 -0.447963
v 1.041862 1.134414 -0.591210
v 0.996934 1.155405 -0.583390
v 0.947143 1.169141 -0.572399
v 0.896623 1.169384 -0.555576
v 0.813553 1.145542 -0.517371
v 0.778205 1.139480 -0.504752
v 0.421470 1.132310 -0.455063
v -0.031008 1.193298 -0.474098
v -0.185109 1.181057 -0.469606
v -0.275824 1.165329 -0.464348
v -0.364331 1.143464 -0.457649
v 1.067671 1.154825 -0.549424
v 1.019322 1.175414 -0.544298
v 0.967691 1.189034 -0.534925
v 0.914991 1.189275 -0.520983
v 0.826484 1.164442 -0.488882
v 0.788868 1.158543 -0.477879
v 0.452463 1.141010 -0.427354
v 0.423934 1.142814 -0.426692
v -0.561975 1.079116 -0.411562
v 1.090837 1.166574 -0.499820
v 1.039502 1.188911 -0.499551
v 0.985924 1.201440 -0.493319
v 0.932071 1.201355 -0.483002
v 0.839526 1.180347 -0.458673
v 0.799572 1.176536 -0.449899
v 0.125193 1.209848 -0.412657
v 0.031366 1.215301 -0.414428
v -0.740323 0.982354 -0.369586
v -0.850402 0.890762 -0.364760
v 1.104482 1.165074 -0.447697
v 1.054977 1.191244 -0.451035
v 1.001062 1.204580 -0.449396
v 0.947016 1.205676 -0.443504
v 0.896913 1.199322 -0.435308
v 0.852096 1.193784 -0.427277
v 0.810013 1.193500 -0.420765
v 0.517013 1.168401 -0.375940
v 1.106890 1.152313 -0.400828
v 1.062683 1.181467 -0.405170
v 1.011554 1.198368 -0.406449
v 0.959102 1.204226 -0.404273
v 0.909491 1.204813 -0.399916
v 0.863700 1.206003 -0.395036
v 0.734430 1.213724 -0.379653
v 0.489499 1.174726 -0.343497
v 0.459902 1.171490 -0.340992
v 0.430811 1.171295 -0.339704
v -0.401987 1.171835 -0.338969
v -0.571313 1.102839 -0.327166
v 1.103490 1.136711 -0.360534
v 1.064652 1.167047 -0.364609
v 1.018175 1.188757 -0.366962
v 0.968923 1.201956 -0.366970
v 0.920609 1.210746 -0.365144
v 0.874263 1.217858 -0.362259
v 0.432890 1.179610 -0.310057
v 0.127180 1.237166 -0.320837
v -0.190196 1.229517 -0.319067
v -0.462254 1.158714 -0.305607
v -0.574096 1.109536 -0.298388
v 1.102855 1.127557 -0.324603
v 1.066848 1.158109 -0.327998
v 1.024279 1.183751 -0.330470
v 0.978093 1.203681 -0.331428
v 0.930910 1.218633 -0.330919
v 0.747693 1.244306 -0.317082
v 0.665584 1.234807 -0.306506
v 0.000000 1.251004 -0.290996
v -0.095937 1.247505 -0.290205
v -0.315398 1.212402 -0.283365
v -0.755769 1.005498 -0.259766
v -0.825141 0.950058 -0.257338
v -0.868844 0.910485 -0.256550
v 1.073317 1.158393 -0.292481
v 1.032232 1.186113 -0.294864
v 0.845361 1.253191 -0.292008
v 0.798726 1.257871 -0.288458
v 0.407244 1.196097 -0.249475
v 0.254790 1.232824 -0.254790
v 0.064288 1.256365 -0.259046
v -0.684704 1.061022 -0.234741
v 0.901017 1.254718 -0.258809
v 0.852536 1.265093 -0.256686
v 0.498600 1.210225 -0.223174
v 0.468095 1.203779 -0.220893
v -0.317968 1.224558 -0.221461
v -0.581210 1.125866 -0.210501
v 0.469738 1.210257 -0.190098
v 0.439801 1.206640 -0.188763
v 0.410135 1.207516 -0.188216
v 0.193357 1.254957 -0.193357
v 0.097090 1.265817 -0.194863
v -0.469606 1.181057 -0.185109
v 1.099224 1.174102 -0.179896
v 1.057634 1.204688 -0.182230
v 0.964063 1.254901 -0.184700
v 0.914488 1.272310 -0.184660
v 0.864767 1.283868 -0.183922
v 0.815970 1.289732 -0.182430
v 0.768896 1.290645 -0.180291
v 0.724001 1.287241 -0.177719
v 0.681493 1.280307 -0.174905
v 0.064981 1.272370 -0.162923
v -0.836641 0.963791 -0.144328
v -0.881051 0.923435 -0.143901
v 1.105087 1.177321 -0.141192
v 1.018105 1.236827 -0.145096
v 0.969759 1.260550 -0.146132
v -0.162334 1.267483 -0.129714
v -0.226399 1.257709 -0.128850
v -0.382381 1.219684 -0.125881
v -0.692951 1.074954 -0.118254
v 1.109419 1.179386 -0.102742
v 0.730536 1.302567 -0.106827
v 0.687198 1.295600 -0.105646
v -0.065290 1.278993 -0.098008
v 1.112225 1.180384 -0.064432
v 0.977489 1.266851 -0.068688
v 0.927448 1.286294 -0.069760
v -0.588029 1.140284 -0.060543
v 1.027853 1.242522 -0.028650
v 0.979766 1.267941 -0.030021
v 0.929872 1.288119 -0.031289
v 0.879451 1.302506 -0.032408
v 0.829643 1.311193 -0.033322
v 0.781294 1.314149 -0.034017
v 0.735022 1.311962 -0.034520
v 0.474855 1.233076 -0.033403
v 0.444225 1.226685 -0.032755
v 0.414000 1.225631 -0.032226
v 0.259286 1.257548 -0.032159
v -0.290905 1.250616 -0.032018
v -0.384038 1.225239 -0.031540
v -0.695662 1.079290 -0.029629
v -0.886395 0.929064 -0.028891
v 1.149364 1.146162 0.011357
v 1.113853 1.179608 0.011054
v 0.736408 1.314525 0.001725
v 0.444407 1.228873 -0.001151
v 0.414100 1.227509 -0.000711
v 0.383811 1.230366 -0.000323
v 0.195406 1.269451 -0.000000
v 0.130695 1.277736 -0.000000
v -0.032754 1.283985 -0.000000
v 0.651466 1.300172 0.034544
v -0.098102 1.280235 0.032661
v -0.227423 1.263696 0.032288
v -0.841717 0.969724 0.028976
v 1.110762 1.176157 0.084266
v 1.027123 1.239109 0.084494
v 0.980039 1.265292 0.083876
v 0.930962 1.286266 0.082757
v 0.881165 1.301846 0.081139
v 0.831759 1.311815 0.079102
v 0.783587 1.316058 0.076770
v 0.737279 1.315007 0.074323
v 0.032712 1.282317 0.065454
v -0.444067 1.203581 0.062351
v -0.560096 1.154242 0.060899
v 1.024624 1.236428 0.121438
v 0.977971 1.262624 0.121186
v 0.736720 1.313002 0.110495
v 0.474432 1.237912 0.094724
v 0.443442 1.231198 0.094249
v 0.412969 1.228769 0.094204
v 0.382632 1.230221 0.094530
v -0.744797 1.042704 0.087964
v -0.884605 0.927184 0.086565
v 0.926615 1.279766 0.157272
v 0.877647 1.295199 0.155491
v 0.828949 1.305151 0.152994
v 0.381817 1.228778 0.126146
v -0.289616 1.244783 0.127780
v 1.097084 1.167164 0.191047
v 0.826315 1.300035 0.189616
v 0.779207 1.304815 0.186351
v 0.733738 1.304833 0.182546
v 0.649033 1.292701 0.174346
v -0.441493 1.196087 0.155403
v -0.556962 1.147364 0.151787
v -0.741778 1.038301 0.146243
v 1.089959 1.162967 0.226593
v 0.471450 1.231784 0.191220
v 0.032404 1.269047 0.195344
v -0.032404 1.269047 0.195344
v 0.644965 1.279857 0.243617
v 0.469982 1.227366 0.223252
v 0.438969 1.221684 0.221548
v 0.408505 1.219134 0.220716
v 0.378278 1.219641 0.220637
v 0.096743 1.260501 0.226867
v -0.287008 1.231996 0.222493
v -0.687226 1.065374 0.205888
v 1.072388 1.152090 0.297523
v 1.037289 1.184010 0.300091
v 0.998007 1.214392 0.301610
v 0.953670 1.239100 0.302284
v 0.906670 1.256595 0.301906
v 0.859532 1.268100 0.300374
v 0.768265 1.281353 0.293379
v 0.724465 1.281814 0.288518
v 0.682395 1.278178 0.283144
v 0.468299 1.221928 0.255096
v 1.067004 1.149196 0.331951
v 1.035803 1.185516 0.334596
v 0.997432 1.219746 0.336269
v 0.951266 1.244958 0.337146
v 0.901645 1.258780 0.336890
v 0.853111 1.264339 0.335390
v 0.807350 1.267297 0.332375
v -0.095937 1.247505 0.290205
v -0.127780 1.244783 0.289616
v -0.435253 1.176130 0.277424
v -0.549237 1.128991 0.270942
v -0.802523 0.969064 0.257994
v -0.868844 0.910485 0.256550
v 1.089507 1.112784 0.362279
v 1.067176 1.150829 0.367167
v 0.846019 1.267380 0.371162
v 0.799984 1.261622 0.366977
v 0.674433 1.255650 0.350273
v -0.490835 1.147377 0.303806
v -0.600974 1.095688 0.296631
v 1.087577 1.111469 0.398516
v 1.070480 1.154912 0.406089
v 1.042872 1.202218 0.413052
v 0.999772 1.242697 0.418380
v 0.946817 1.268104 0.419824
v 0.891003 1.277464 0.416232
v 0.837610 1.272985 0.409623
v 0.790890 1.259975 0.402414
v 0.749927 1.248302 0.395479
v 0.709749 1.244765 0.389087
v 0.669736 1.242174 0.382566
v 0.462081 1.199000 0.348626
v 0.431479 1.195541 0.346230
v 0.371529 1.195090 0.344409
v -0.189252 1.221264 0.349841
v -0.281972 1.204399 0.345840
v 1.086652 1.109915 0.438314
v 1.071298 1.156800 0.449871
v 1.040646 1.206011 0.460333
v 0.994034 1.245809 0.467239
v 0.940233 1.270262 0.467870
v 0.883352 1.280343 0.461411
v 0.827708 1.275468 0.450851
v 0.780044 1.258482 0.439397
v 0.740726 1.239846 0.428991
v 0.703524 1.229933 0.420726
v 0.429231 1.186435 0.376531
v 0.063052 1.224129 0.383696
v -0.370526 1.172652 0.370526
v -0.594948 1.082016 0.353509
v 1.081443 1.104959 0.480426
v 1.064741 1.152599 0.496062
v 1.030462 1.200567 0.508590
v 0.982590 1.237531 0.515180
v 0.930631 1.261039 0.514921
v 0.873834 1.273882 0.506960
v 0.816269 1.271194 0.493542
v 0.767939 1.252990 0.477723
v 0.730223 1.230351 0.463016
v 0.696143 1.215132 0.451752
v -0.062706 1.214212 0.414063
v -0.785905 0.947315 0.366931
v -0.850402 0.890762 0.364760
v 1.069613 1.095287 0.522129
v 1.050757 1.141407 0.540496
v 1.015178 1.186771 0.553123
v 0.968753 1.221426 0.558021
v 0.919062 1.245073 0.557887
v 0.861802 1.259661 0.551280
v 0.803225 1.258370 0.535922
v 0.755310 1.240480 0.515940
v 0.719491 1.216938 0.496779
v 0.688088 1.199278 0.482120
v 0.484941 1.169136 0.441518
v 0.124486 1.199301 0.442574
v -0.062351 1.203581 0.444067
v -0.186183 1.192160 0.440207
v 1.051463 1.080888 0.560240
v 1.031519 1.123850 0.579778
v 0.997577 1.166408 0.592763
v 0.954125 1.200938 0.598406
v 0.904415 1.225640 0.599597
v 0.846334 1.238792 0.592799
v 0.788668 1.236461 0.575141
v 0.743012 1.219801 0.551342
v 0.680080 1.181080 0.510949
v 0.646746 1.174815 0.501101
v 0.421864 1.153259 0.464600
v 0.392513 1.154090 0.463341
v 0.363346 1.156043 0.462909
v -0.707906 0.984185 0.424194
v 1.028506 1.062484 0.592599
v 1.008368 1.100976 0.612904
v 0.976504 1.139999 0.627344
v 0.935090 1.173408 0.635961
v 0.884614 1.197038 0.637612
v 0.827603 1.208185 0.628512
v 0.773823 1.205431 0.607895
v 0.732321 1.191570 0.581124
v 0.701224 1.173789 0.555863
v 0.672751 1.160277 0.537607
v 0.640141 1.155456 0.527682
v 0.478592 1.141242 0.497832
v -0.333138 1.140227 0.488460
v -0.362171 1.132422 0.485946
v -0.447237 1.105187 0.477737
v -0.474838 1.094874 0.474838
v 1.002216 1.041435 0.618477
v 0.981095 1.074391 0.638975
v 0.950447 1.108062 0.655438
v 0.909963 1.137863 0.664948
v 0.860963 1.158909 0.665220
v 0.808416 1.168956 0.653487
v 0.761206 1.167886 0.630853
v 0.724211 1.158535 0.603549
v 0.694771 1.146362 0.578863
v 0.665940 1.138005 0.562159
v 0.505346 1.127297 0.528706
v -0.577212 1.037788 0.489400
v -0.698305 0.967491 0.475418
v 0.974316 1.019337 0.637546
v 0.951476 1.046851 0.655667
v 0.921149 1.074486 0.671198
v 0.882616 1.099183 0.679668
v 0.838020 1.117430 0.678073
v 0.792483 1.127307 0.665167
v 0.751869 1.128840 0.643472
v 0.718339 1.124505 0.619066
v 0.689233 1.118532 0.598204
v 0.659114 1.115426 0.585111
v 0.626734 1.114700 0.577139
v 0.501531 1.110473 0.554499
v 0.471933 1.110355 0.551084
v 0.356965 1.117592 0.546430
v -0.091284 1.152608 0.559332
v 0.947568 0.997769 0.651825
v 0.923015 1.020702 0.664764
v 0.893269 1.043202 0.676315
v 0.857915 1.063397 0.682011
v 0.744496 1.092591 0.649416
v 0.713055 1.092717 0.630618
v 0.683101 1.092285 0.616005
v 0.651907 1.092954 0.606785
v 0.497711 1.093089 0.579422
v 0.411384 1.097696 0.573543
v -0.000000 1.141556 0.588678
v -0.594283 1.003928 0.537258
v -0.813374 0.850636 0.514326
v 0.924241 0.977405 0.665652
v 0.898352 0.997012 0.671691
v 0.869578 1.015653 0.677807
v 0.837478 1.032412 0.680313
v 0.803360 1.045961 0.676929
v 0.769399 1.055450 0.667667
v 0.737164 1.061350 0.655145
v 0.706524 1.064973 0.643006
v 0.675646 1.068165 0.634337
v 0.644352 1.070793 0.627748
v -0.150028 1.119150 0.612117
v -0.296631 1.095688 0.600974
v -0.325224 1.089151 0.598056
v -0.381459 1.074295 0.591667
v 0.904442 0.957821 0.682182
v 0.878106 0.975557 0.682432
v 0.850255 0.991742 0.683254
v 0.820692 1.006226 0.682772
v 0.789984 1.018377 0.679300
v 0.759084 1.027875 0.673082
v 0.728560 1.035127 0.665645
v 0.698009 1.040885 0.659123
v 0.667355 1.045389 0.653402
v 0.490266 1.057324 0.627089
v 0.089724 1.109011 0.641665
v -0.586251 0.980974 0.586251
v -0.741260 0.884503 0.563807
v 0.806027 0.983480 0.693413
v 0.777303 0.994879 0.690139
v 0.748046 1.004331 0.686088
v 0.542810 1.034148 0.654737
v 0.486705 1.038978 0.649727
v 0.431411 1.045946 0.648355
v -0.118254 1.074954 0.692952
v -0.428605 1.015037 0.660068
v 0.561165 0.990698 0.697121
v 0.480155 1.002023 0.693371
v 0.503684 0.978649 0.713960
v 0.087964 1.042704 0.744797
v 0.058687 1.044076 0.745757
v -0.058687 1.044076 0.745756
v -0.203955 1.031695 0.737360
v -0.288919 1.017721 0.728327
v -0.616629 0.907181 0.668193
v 0.604209 0.940406 0.735610
v 0.552479 0.949779 0.733310
v -0.712378 0.834888 0.667212
v -0.341333 0.971416 0.767811
v -0.394577 0.958343 0.758669
v -0.446130 0.943555 0.748574
v -0.588342 0.890046 0.715096
v 0.594829 0.898810 0.766190
v 0.591147 0.878477 0.781052
v 0.567199 0.884123 0.782678
v -0.057926 0.968983 0.841076
v -0.604951 0.850594 0.748475
v -0.699233 0.801734 0.719712
v 0.564767 0.864241 0.798521
v 0.172562 0.941229 0.856739
v 0.086663 0.947718 0.862561
v -0.115421 0.946032 0.861041
v -0.661936 0.808241 0.747180
v 0.608774 0.832618 0.807062
v 0.586097 0.838466 0.810409
v 0.028891 0.929064 0.886395
v 0.916877 -0.261386 -0.874243
v 0.934493 -0.242012 -0.889257
v 0.983680 -0.202910 -0.929858
v 1.005923 -0.175195 -0.947172
v 1.022537 -0.140521 -0.959706
v 1.031718 -0.100506 -0.966471
v 1.032131 -0.058243 -0.966783
v 1.023665 -0.017470 -0.960624
v 1.007321 0.018605 -0.948592
v 0.985172 0.048292 -0.931817
v 0.939865 0.093380 -0.895309
v 0.927329 0.116435 -0.884582
v 0.934994 -0.260075 -0.850656
v 0.950649 -0.239133 -0.862779
v 0.998106 -0.198516 -0.897468
v 1.020961 -0.171382 -0.912876
v 1.038187 -0.137759 -0.923946
v 1.047588 -0.099096 -0.929849
v 1.047849 -0.058330 -0.930132
v 1.038869 -0.019002 -0.924765
v 1.021823 0.015879 -0.914178
v 0.999409 0.044919 -0.899560
v 0.976127 0.069119 -0.883434
v 0.957268 0.091510 -0.869635
v 0.946941 0.115986 -0.861759
v 0.952594 -0.259105 -0.826911
v 0.965135 -0.235992 -0.835842
v 0.984290 -0.214856 -0.848710
v 1.007317 -0.192597 -0.863275
v 1.029193 -0.165886 -0.876341
v 1.045970 -0.133630 -0.885873
v 1.055067 -0.096921 -0.890972
v 1.055159 -0.058360 -0.891266
v 1.046096 -0.021128 -0.886702
v 1.029470 0.012183 -0.877795
v 1.008725 0.040692 -0.865888
v 0.988404 0.065550 -0.853459
v 0.973155 0.089452 -0.843595
v 0.966325 0.115817 -0.838750
v 0.855651 -0.627835 -0.723448
v 0.926495 -0.444567 -0.770492
v 0.970396 -0.258883 -0.803323
v 0.979281 -0.233420 -0.809409
v 0.993792 -0.209871 -0.818329
v 1.012491 -0.186077 -0.829008
v 1.031504 -0.159448 -0.839226
v 1.046712 -0.128640 -0.847039
v 1.055035 -0.094243 -0.851325
v 1.054861 -0.058356 -0.851625
v 1.032019 0.008126 -0.841212
v 1.014910 0.036325 -0.832555
v 0.999361 0.062134 -0.824121
v 0.989512 0.088090 -0.818286
v 0.943419 0.420013 -0.788317
v 0.930029 0.499061 -0.784655
v 0.799186 -0.741169 -0.679456
v 0.987953 -0.259071 -0.779608
v 0.994758 -0.232266 -0.784067
v 1.004223 -0.206250 -0.789729
v 1.017298 -0.180581 -0.796723
v 1.031560 -0.153479 -0.803821
v 1.043537 -0.123756 -0.809569
v 1.043983 -0.025929 -0.811067
v 1.033399 0.004514 -0.806678
v 1.021490 0.032706 -0.801312
v 1.011997 0.059856 -0.796644
v 1.006795 0.087539 -0.793675
v 0.859712 -0.674754 -0.674754
v 0.934016 -0.522092 -0.710440
v 0.982354 -0.369586 -0.740323
v 1.017495 -0.204650 -0.763159
v 1.025391 -0.177247 -0.767442
v 1.034336 -0.149328 -0.771862
v 1.042246 -0.120124 -0.775627
v 1.047106 -0.089601 -0.778038
v 1.047677 -0.058451 -0.778714
v 1.044107 -0.027704 -0.777707
v 1.037796 0.001884 -0.775458
v 1.031591 0.030486 -0.772927
v 1.043453 -0.147528 -0.743525
v 1.048156 -0.118370 -0.745954
v 1.051204 -0.088633 -0.747650
v 1.052022 -0.058640 -0.748433
v 1.050738 -0.028831 -0.748337
v 1.048389 0.000565 -0.747660
v 1.017809 0.316103 -0.730831
v 1.009192 0.398912 -0.731125
v 1.056638 -0.147162 -0.717087
v 1.063448 -0.058942 -0.721206
v 1.060156 0.262631 -0.685623
v 0.922183 0.852163 -0.698205
v 1.075168 0.320406 -0.663532
v 1.074761 0.348910 -0.665916
v 0.942779 0.869231 -0.684724
v 0.922196 0.890414 -0.685636
v 1.111440 0.029943 -0.643037
v 1.095338 0.264887 -0.636974
v 1.073376 0.666186 -0.674281
v 1.064807 0.697742 -0.673960
v 1.030535 0.786550 -0.670102
v 1.000273 0.839298 -0.667324
v 0.983708 0.863536 -0.669191
v 0.965307 0.887019 -0.673218
v 0.944088 0.909894 -0.677364
v 0.924530 -0.705062 -0.545731
v 1.016305 -0.540765 -0.569551
v 1.113042 0.266013 -0.612433
v 1.114769 0.323701 -0.618167
v 1.023634 0.855628 -0.649565
v 1.008467 0.880687 -0.655872
v 0.990856 0.906039 -0.664725
v 0.969172 0.931667 -0.672954
v 1.087619 -0.383779 -0.565234
v 1.095531 -0.355638 -0.568353
v 1.133566 -0.150897 -0.584765
v 1.130755 0.267133 -0.587584
v 1.136807 0.622862 -0.633403
v 1.061599 0.845748 -0.626594
v 1.049221 0.872048 -0.632759
v 1.036586 0.898675 -0.644720
v 1.020261 0.926951 -0.658896
v 0.910718 -0.759142 -0.493951
v 0.973340 -0.670323 -0.502959
v 1.027312 -0.573388 -0.515313
v 1.145856 0.210304 -0.557788
v 1.170211 0.561590 -0.607797
v 1.161463 0.634488 -0.611140
v 1.145792 0.705874 -0.610156
v 1.086096 0.861432 -0.604972
v 1.077523 0.888715 -0.616167
v 1.068169 0.917775 -0.633497
v 1.053081 0.949808 -0.651743
v 1.029606 0.983955 -0.665646
v 1.165895 -0.091826 -0.530987
v 1.168900 -0.000000 -0.532320
v 1.161273 0.211084 -0.530951
v 1.163227 0.240139 -0.533467
v 1.120177 0.849040 -0.576124
v 1.111575 0.876983 -0.581911
v 1.107447 0.905631 -0.596771
v 1.101797 0.937451 -0.617518
v 1.087822 0.973266 -0.638194
v 1.062502 1.012011 -0.652563
v 1.221011 0.503997 -0.553307
v 1.219072 0.581003 -0.559713
v 1.208352 0.658971 -0.560771
v 1.199769 0.697123 -0.559320
v 1.142046 0.863791 -0.548283
v 1.136479 0.892301 -0.555350
v 1.134627 0.956645 -0.592310
v 1.122693 0.996199 -0.613273
v 1.096196 1.039116 -0.627846
v 0.933832 -0.775872 -0.419134
v 0.999885 -0.684235 -0.426313
v 1.158713 -0.305607 -0.462254
v 1.187955 0.153621 -0.472572
v 1.196353 0.241701 -0.480095
v 1.242267 0.591228 -0.533019
v 1.237478 0.631570 -0.533544
v 1.162288 0.878014 -0.517770
v 1.158364 0.907060 -0.524102
v 1.162408 0.974494 -0.556121
v 1.154015 1.016684 -0.575242
v 1.128885 1.062819 -0.590260
v 0.904043 -0.824151 -0.391373
v 1.199301 -0.124486 -0.442574
v 1.265129 0.479277 -0.496083
v 1.267570 0.519117 -0.500283
v 1.267298 0.560058 -0.503107
v 1.239721 0.723903 -0.499561
v 1.179826 0.891356 -0.484826
v 1.175114 0.920508 -0.488754
v 1.177053 0.952353 -0.498277
v 1.180175 0.989187 -0.511678
v 1.175858 1.032131 -0.526581
v 1.155504 1.079501 -0.540264
v 1.087619 -0.565234 -0.383779
v 1.134851 -0.455171 -0.393223
v 1.212677 0.154589 -0.414426
v 1.215967 0.184070 -0.416594
v 1.229026 0.243007 -0.424814
v 1.288554 0.569241 -0.473551
v 1.278104 0.654669 -0.473159
v 1.268681 0.696445 -0.470609
v 1.194947 0.903424 -0.450525
v 1.186889 0.932068 -0.451722
v 1.184819 0.962973 -0.456686
v 1.186211 0.998677 -0.465000
v 1.183719 1.040147 -0.474891
v 1.169179 1.086286 -0.485112
v 0.915859 -0.834392 -0.338651
v 1.195678 -0.280511 -0.375978
v 1.212278 -0.188263 -0.380304
v 1.296664 0.411988 -0.428110
v 1.303125 0.451293 -0.433461
v 1.307444 0.492363 -0.437802
v 1.309445 0.534892 -0.440921
v 1.308320 0.578464 -0.442480
v 1.188251 0.970429 -0.416889
v 1.184043 1.002816 -0.421078
v 1.179673 1.040524 -0.427128
v 1.168469 1.083218 -0.434002
v 1.232711 0.125337 -0.353235
v 1.241273 0.184717 -0.357602
v 1.249694 0.214149 -0.361652
v 1.306752 0.377788 -0.391994
v 1.328237 0.542775 -0.409071
v 1.326286 0.587549 -0.409917
v 1.320550 0.632543 -0.408990
v 1.300210 0.719889 -0.402895
v 1.193810 0.976633 -0.380134
v 1.182042 1.004883 -0.381983
v 1.171978 1.037163 -0.385345
v 1.159691 1.074402 -0.389916
v 1.034442 -0.703822 -0.290265
v 1.109536 -0.574096 -0.298388
v 1.253092 0.184947 -0.327359
v 1.170321 1.035910 -0.348618
v 1.153179 1.066884 -0.351970
v 1.195678 -0.375978 -0.280510
v 1.212402 -0.315398 -0.283365
v 1.251356 0.125812 -0.291644
v 1.256336 0.155608 -0.293551
v 1.328715 0.346043 -0.323099
v 1.340617 0.383952 -0.328649
v 1.356791 0.604774 -0.341175
v 1.348930 0.651432 -0.339349
v 1.337709 0.696955 -0.336128
v 1.179424 1.039543 -0.313296
v 1.156853 1.066336 -0.316890
v 1.010027 -0.758891 -0.231561
v 1.232824 -0.254790 -0.254790
v 1.238682 -0.223455 -0.255788
v 1.259557 0.125995 -0.260293
v 1.365365 0.428198 -0.299734
v 1.372282 0.471909 -0.303188
v 1.375452 0.517698 -0.305436
v 1.374436 0.564909 -0.306288
v 1.319493 0.790652 -0.291168
v 1.254683 0.944852 -0.273573
v 1.210056 1.018305 -0.274719
v 1.048811 -0.712538 -0.204882
v 1.254125 -0.160837 -0.225816
v 1.274034 0.155808 -0.230617
v 1.284146 0.185341 -0.233501
v 0.941229 -0.856739 -0.172562
v 1.130037 -0.583116 -0.180781
v 1.269488 0.095879 -0.195600
v 1.368632 0.351917 -0.221974
v 1.209034 1.049229 -0.204973
v 0.983201 -0.813678 -0.144685
v 1.088525 -0.665424 -0.148379
v 1.160531 -0.528719 -0.152690
v 1.206573 -0.411641 -0.156284
v 1.378587 0.353568 -0.186708
v 1.391231 0.394449 -0.190160
v 1.406671 0.484431 -0.195348
v 1.408258 0.532719 -0.196551
v 1.405115 0.582161 -0.196722
v 1.397499 0.631643 -0.195886
v 1.385584 0.680061 -0.194115
v 1.297155 0.907105 -0.172002
v 1.273824 0.956254 -0.167120
v 1.284303 0.126309 -0.131839
v 1.293459 0.155944 -0.133323
v 1.409245 0.440646 -0.156278
v 1.414802 0.487535 -0.158168
v 1.238235 1.026302 -0.130968
v 1.221183 1.051633 -0.132324
v 0.987265 -0.816961 -0.087034
v 1.093284 -0.668175 -0.089241
v 1.212394 -0.413469 -0.093990
v 1.239847 -0.321485 -0.095486
v 1.270332 -0.162673 -0.097393
v 1.282301 0.096117 -0.098379
v 1.288165 0.126321 -0.099104
v 1.297619 0.155996 -0.100234
v 1.406243 0.397892 -0.116840
v 1.415811 0.442623 -0.118985
v 1.395887 0.688403 -0.120386
v 1.290803 0.936641 -0.100933
v 1.267774 0.981170 -0.096792
v 1.241337 1.026327 -0.095775
v 1.044076 -0.745757 -0.058687
v 1.167567 -0.531720 -0.061261
v 1.382730 0.317801 -0.075485
v 1.420520 0.444029 -0.081254
v 1.425840 0.491720 -0.082610
v 1.426337 0.541350 -0.083530
v 1.421960 0.591887 -0.083992
v 1.412899 0.642140 -0.084056
v 1.399224 0.690944 -0.083558
v 1.141239 -0.588513 -0.030284
v 1.193298 -0.474098 -0.031008
v 1.385728 0.318079 -0.039022
v 1.413969 0.399587 -0.041942
v 1.428740 0.492671 -0.044491
v 1.429100 0.542472 -0.045383
v 1.206384 1.080203 -0.025524
v 1.257942 -0.259368 0.000000
v 1.274002 -0.163130 -0.000000
v 1.292958 0.126405 -0.000021
v 1.303396 0.155977 -0.000102
v 1.386781 0.318119 -0.002320
v 1.415323 0.399653 -0.004117
v 1.424845 0.444917 -0.005180
v 1.426062 0.593363 -0.008013
v 1.416726 0.643783 -0.008588
v 1.402763 0.692670 -0.008999
v 1.385173 0.738999 -0.009377
v 1.255815 1.001055 0.004974
v 0.949646 -0.864307 0.028924
v 1.302619 0.156002 0.033389
v 1.430298 0.541920 0.031250
v 1.425989 0.592557 0.030164
v 1.224309 1.048029 0.042900
v 1.203989 1.077820 0.045030
v 1.203581 -0.444067 0.062351
v 1.284632 0.096189 0.065670
v 1.290736 0.126382 0.066103
v 1.412259 0.398258 0.071414
v 1.422050 0.443171 0.071216
v 1.427685 0.490736 0.070666
v 1.428600 0.540261 0.069751
v 1.042704 -0.744797 0.087964
v 1.254394 -0.258657 0.096357
v 1.276926 -0.097856 0.097856
v 1.282150 0.096164 0.098369
v 1.287918 0.126382 0.099051
v 1.297631 0.155956 0.100062
v 1.379294 0.316614 0.107431
v 1.407934 0.396863 0.109044
v 1.421717 0.587856 0.106725
v 1.413281 0.637963 0.105022
v 1.382983 0.733096 0.100820
v 1.364253 0.776480 0.098753
v 1.121965 -0.613548 0.120182
v 1.199301 -0.442574 0.124486
v 1.251635 -0.258128 0.128338
v 1.274037 -0.097650 0.130328
v 1.396854 0.682526 0.140456
v 0.963791 -0.836641 0.144328
v 0.983201 -0.813678 0.144685
v 1.020464 -0.766245 0.145650
v 1.119150 -0.612117 0.150028
v 1.287920 0.155890 0.165925
v 1.394141 0.392831 0.183535
v 1.392377 0.677282 0.178055
v 1.115705 -0.610400 0.179737
v 1.192160 -0.440207 0.186183
v 1.269217 0.095966 0.195562
v 1.273462 0.126267 0.196593
v 1.402317 0.478022 0.222481
v 1.405394 0.525324 0.222345
v 1.403882 0.573954 0.221082
v 1.371806 0.717319 0.211984
v 1.354697 0.760795 0.207911
v 1.238682 -0.255788 0.223455
v 1.266747 0.126196 0.228568
v 1.273775 0.155821 0.230518
v 1.284228 0.185191 0.233283
v 1.345001 0.311933 0.249042
v 1.360023 0.348448 0.252684
v 1.373205 0.387541 0.255735
v 1.288440 0.889429 0.228739
v 1.061022 -0.684704 0.234741
v 1.243774 -0.191916 0.256683
v 1.254394 -0.096357 0.258657
v 1.256428 0.095672 0.259223
v 1.259100 0.126119 0.260185
v 1.379180 0.468699 0.295943
v 1.379163 0.608519 0.293938
v 1.370749 0.655690 0.290643
v 1.255827 0.155694 0.293417
v 1.264427 0.184953 0.296548
v 1.364936 0.463564 0.331458
v 1.370022 0.507790 0.332851
v 1.370935 0.553654 0.332729
v 1.367667 0.600331 0.331011
v 1.336479 0.735014 0.318165
v 1.262790 0.903244 0.298305
v 1.247426 0.929653 0.298086
v 1.194670 1.005404 0.306347
v 1.241762 -0.063705 0.321961
v 1.339593 0.681885 0.360499
v 1.327416 0.724616 0.355371
v 0.940397 -0.817190 0.312320
v 1.234993 0.155378 0.354621
v 1.240992 0.184673 0.357515
v 1.249925 0.213863 0.361621
v 1.300061 0.339727 0.384767
v 1.312008 0.375419 0.390404
v 1.322585 0.413152 0.395378
v 1.331224 0.452952 0.399412
v 1.337202 0.494732 0.402208
v 1.335068 0.627181 0.400985
v 1.327205 0.671178 0.397355
v 1.127244 1.047532 0.385875
v 1.108444 -0.541313 0.357805
v 1.153859 -0.428966 0.366454
v 1.163592 -0.399918 0.368524
v 1.207471 -0.219217 0.379010
v 1.216350 -0.157142 0.381432
v 1.322273 0.573358 0.437823
v 1.319289 0.616893 0.436597
v 1.278866 0.779506 0.419585
v 1.218010 0.906866 0.407996
v 1.115499 1.041019 0.420760
v 0.928995 -0.807926 0.365945
v 0.999065 -0.716772 0.371212
v 1.283097 0.405011 0.456917
v 1.291588 0.442435 0.462335
v 1.301966 0.522328 0.469663
v 1.303114 0.564110 0.471091
v 1.288165 0.689986 0.465585
v 1.265549 0.767432 0.456766
v 1.204998 0.897249 0.445006
v 1.103850 1.033439 0.456290
v 1.276254 0.475281 0.496661
v 1.280366 0.514626 0.500463
v 1.277475 0.637268 0.502908
v 1.270765 0.677812 0.500579
v 1.222869 0.824315 0.485962
v 1.190325 0.886524 0.481583
v 1.090526 1.024096 0.491908
v 1.187048 0.153878 0.472136
v 1.190968 0.212456 0.476009
v 1.196457 0.241399 0.480208
v 1.256683 0.625981 0.535163
v 1.174255 0.874856 0.517703
v 1.093086 0.985876 0.519907
v 1.074351 1.012797 0.526341
v 1.006386 -0.655771 0.454801
v 1.047732 -0.580984 0.463041
v 1.123973 -0.390881 0.483309
v 1.169278 -0.184023 0.498613
v 1.173051 -0.153599 0.500050
v 1.175497 0.211940 0.503315
v 1.185294 0.269800 0.511912
v 1.229278 0.463388 0.551849
v 1.233954 0.614907 0.565269
v 1.212463 0.728742 0.561885
v 1.187606 0.798528 0.556500
v 1.156385 0.862109 0.552395
v 1.075358 0.973490 0.552671
v 1.055477 0.999702 0.558328
v 1.159830 0.211349 0.530155
v 1.211328 0.566634 0.590827
v 1.209640 0.604204 0.593170
v 1.199179 0.678985 0.594043
v 1.190524 0.715429 0.592868
v 1.136757 0.848410 0.585104
v 1.034944 0.984987 0.587623
v 0.987647 -0.646830 0.505820
v 1.154242 -0.060899 0.560096
v 1.144298 0.210629 0.556844
v 1.147886 0.268085 0.562385
v 1.182774 0.486884 0.606291
v 1.185660 0.557676 0.615809
v 1.131295 0.803003 0.617188
v 1.013958 0.969127 0.614528
v 0.850637 -0.813374 0.514326
v 1.129264 0.267186 0.586858
v 1.136231 0.324674 0.596390
v 1.159259 0.549213 0.638676
v 1.157817 0.584265 0.642354
v 1.154587 0.619486 0.645024
v 1.149473 0.654584 0.646649
v 1.108463 0.788404 0.644842
v 1.038474 0.903253 0.640243
v 1.027312 -0.515313 0.573388
v 1.065999 -0.409047 0.588233
v 1.074295 -0.381459 0.591667
v 1.111633 -0.209281 0.608413
v 1.115705 -0.179737 0.610400
v 1.110999 0.266234 0.611188
v 1.123169 0.643120 0.669097
v 1.084514 0.773727 0.669513
v 0.899848 -0.720753 0.566110
v 0.992707 -0.562002 0.590235
v 1.111440 -0.029943 0.643037
v 1.111742 0.000000 0.643212
v 1.092930 0.265233 0.635267
v 1.094115 0.321679 0.640888
v 1.095988 0.350255 0.645382
v 1.103912 0.566529 0.682996
v 1.096358 0.632260 0.689158
v 1.081663 0.697137 0.691663
v 1.059892 0.759235 0.691285
v 1.031178 0.817282 0.689437
v 1.014245 0.844391 0.688214
v 0.975273 0.894335 0.685651
v 1.075227 0.264169 0.659378
v 1.073596 0.320266 0.662619
v 1.055554 0.684779 0.710268
v 1.007747 0.801728 0.708858
v 1.053536 0.318910 0.684254
v 1.052628 0.374803 0.689821
v 1.020590 0.702799 0.727417
v 0.933914 0.859685 0.721574
v 1.034038 0.317613 0.706067
v 0.974065 0.746054 0.741642
v 0.961258 0.772097 0.740633
v 0.931153 0.820559 0.737789
v 1.031695 -0.203955 0.737360
v 1.044897 -0.029356 0.746338
v 1.045170 0.000000 0.746533
v 1.009437 0.371056 0.728488
v 1.017516 0.174471 0.764142
v 0.985906 0.396431 0.748530
v 0.981499 0.450605 0.752307
v 0.858828 0.830274 0.757940
v 0.847518 -0.670718 0.693932
v 0.869497 -0.630830 0.704074
v 0.909314 -0.543252 0.726441
v 0.943555 -0.446130 0.748574
v 0.971416 -0.341333 0.767811
v 0.991946 -0.230715 0.782627
v 0.973086 0.341207 0.769934
v 0.964905 0.394726 0.767088
v 0.983201 0.144685 0.813678
v 0.940367 0.419576 0.784820
v 0.932889 0.471935 0.784502
v 0.801734 -0.699234 0.719712
v 0.897675 0.546459 0.798623
v 0.946262 -0.115458 0.861127
v 0.949314 -0.057826 0.863798
v 0.949796 -0.028914 0.864364
v 0.938122 0.200880 0.853971
v 0.922210 -0.172813 0.879224
v 0.927624 -0.144954 0.882929
v 0.932595 -0.116465 0.886215
v 0.935805 -0.087281 0.888489
v 0.936540 -0.057768 0.889425
v 0.934925 -0.028436 0.889063
v 0.932071 0.000425 0.887890
v 0.929657 0.029028 0.886668
v 0.928359 0.057756 0.885723
v 0.868615 0.467074 0.832381
v 0.853244 0.540962 0.824000
v 0.813374 -0.514326 0.850637
v 0.868884 -0.256578 0.910512
v 0.875337 -0.230354 0.916180
v 0.887143 -0.206043 0.924945
v 0.902000 -0.181181 0.935300
v 0.916776 -0.153949 0.945329
v 0.917960 0.005842 0.949121
v 0.905214 0.033924 0.941081
v 0.893785 0.060550 0.933516
v 0.886186 0.087246 0.928195
v 0.848694 -0.257824 0.931542
v 0.860345 -0.234600 0.941347
v 0.877653 -0.212580 0.954949
v 0.896996 -0.188451 0.969647
v 0.915003 -0.160425 0.983098
v 0.928251 -0.128025 0.993229
v 0.934913 -0.092623 0.998927
v 0.934443 -0.056436 0.999661
v 0.927064 -0.021569 0.995291
v 0.914076 0.010334 0.986402
v 0.897754 0.038695 0.974471
v 0.881452 0.064432 0.962142
v 0.868691 0.089450 0.952251
v 0.861603 0.115728 0.946446
v 0.853971 0.200880 0.938122
v 0.843319 0.284438 0.926066
v 0.784395 0.562206 0.860045
v 0.759138 0.671641 0.833942
v 0.744608 0.746306 0.813261
v 0.830196 -0.260868 0.954078
v 0.846318 -0.240351 0.968567
v 0.867415 -0.219842 0.986831
v 0.889148 -0.195631 1.005300
v 0.907924 -0.166077 1.021396
v 0.921122 -0.131366 1.033265
v 0.927756 -0.093478 1.039929
v 0.927021 -0.054874 1.040656
v 0.919200 -0.018154 1.035381
v 0.905501 0.014936 1.024558
v 0.887614 0.043678 1.009400
v 0.868576 0.068883 0.992630
v 0.852267 0.092693 0.978122
v 0.841186 0.117159 0.968251
v 0.836643 0.144330 0.963792
v 0.800315 -0.286829 0.965533
v 0.811969 -0.264881 0.977527
v 0.830998 -0.246293 0.996380
v 0.853823 -0.226405 1.018496
v 0.875755 -0.201299 1.039688
v 0.893744 -0.169922 1.057531
v 0.905903 -0.133206 1.070523
v 0.911544 -0.093461 1.077767
v 0.910480 -0.053327 1.078539
v 0.903200 -0.015308 1.072728
v 0.890158 0.018711 1.060627
v 0.872487 0.047920 1.043175
v 0.834242 0.095842 1.004131
v 0.821080 0.119264 0.990778
v 0.813929 0.144860 0.983434
v 0.718894 0.672979 0.850690
v 0.693932 -0.670718 0.847518
v 0.709520 -0.609924 0.879923
v 0.732114 -0.519795 0.918430
v 0.778902 -0.289127 0.985574
v 0.792269 -0.268725 1.000621
v 0.835760 -0.231358 1.048018
v 0.856692 -0.205038 1.070898
v 0.872872 -0.171898 1.089590
v 0.883371 -0.133727 1.103201
v 0.887873 -0.092952 1.110705
v 0.886576 -0.052168 1.111358
v 0.879742 -0.013657 1.105107
v 0.868001 0.020898 1.092304
v 0.851841 0.050582 1.073566
v 0.813965 0.098378 1.029083
v 0.799599 0.121128 1.012703
v 0.756543 -0.291428 1.005100
v 0.770826 -0.271966 1.022577
v 0.813989 -0.234816 1.074665
v 0.833424 -0.207295 1.098529
v 0.847767 -0.172661 1.117426
v 0.856614 -0.133464 1.130798
v 0.860023 -0.092349 1.138011
v 0.858262 -0.051598 1.138387
v 0.851942 -0.013196 1.131888
v 0.841374 0.021473 1.118734
v 0.826701 0.051512 1.099305
v 0.790872 0.099894 1.051804
v 0.776711 0.122553 1.033498
v 0.767782 0.146833 1.022264
v 0.752335 0.287702 1.000455
v 0.670854 0.738387 0.839913
v 0.669946 0.758036 0.830233
v 0.669730 0.777635 0.820526
v 0.707906 -0.424194 0.984185
v 0.725614 -0.317650 1.013116
v 0.733130 -0.293467 1.023689
v 0.747383 -0.274362 1.042788
v 0.788624 -0.236866 1.098073
v 0.806578 -0.208677 1.122948
v 0.819674 -0.173177 1.141912
v 0.827272 -0.133117 1.154300
v 0.829775 -0.091803 1.160545
v 0.827724 -0.051414 1.160327
v 0.821645 -0.013494 1.153586
v 0.811984 0.020960 1.140385
v 0.798643 0.051160 1.120553
v 0.765290 0.100374 1.071625
v 0.743608 0.147722 1.040674
v 0.651769 0.722578 0.857046
v 0.623532 -0.760317 0.826328
v 0.708474 -0.295012 1.040949
v 0.721749 -0.275687 1.060716
v 0.759799 -0.237493 1.117876
v 0.776532 -0.209309 1.143938
v 0.788740 -0.173766 1.163613
v 0.795632 -0.133191 1.175409
v 0.737918 0.100040 1.088628
v 0.726049 0.123438 1.069746
v 0.718532 0.148388 1.058103
v 0.684235 0.426313 0.999885
v 0.676277 -0.320777 1.045761
v 0.682698 -0.296092 1.056823
v 0.694157 -0.275805 1.075956
v 0.727961 -0.236684 1.133406
v 0.743383 -0.208899 1.160546
v 0.754728 -0.173823 1.181182
v 0.761416 -0.133636 1.193646
v 0.763945 -0.092188 1.198326
v 0.762542 -0.052195 1.196305
v 0.757338 -0.015005 1.187732
v 0.748526 0.018691 1.172845
v 0.736484 0.048706 1.151904
v 0.709151 0.099068 1.103085
v 0.606517 0.772895 0.846915
v 0.656005 -0.296651 1.071178
v 0.665186 -0.274918 1.088700
v 0.693660 -0.234328 1.144072
v 0.707461 -0.207286 1.171998
v 0.718040 -0.173311 1.193747
v 0.724823 -0.134302 1.207363
v 0.727821 -0.093519 1.212726
v 0.726969 -0.053693 1.210324
v 0.722353 -0.016542 1.200727
v 0.714166 0.017016 1.184448
v 0.703096 0.046691 1.162349
v 0.679544 0.097665 1.115387
v 0.671439 0.122783 1.099713
v 0.666449 0.149423 1.090385
v 0.560539 -0.780571 0.852171
v 0.606390 -0.460187 1.034510
v 0.628845 -0.297085 1.084569
v 0.635573 -0.273281 1.099205
v 0.645770 -0.252296 1.121974
v 0.669728 -0.204197 1.177209
v 0.679258 -0.171855 1.199721
v 0.685775 -0.134626 1.214641
v 0.688996 -0.095067 1.220983
v 0.688720 -0.055826 1.218821
v 0.684895 -0.018947 1.208743
v 0.677884 0.014418 1.191545
v 0.658212 0.070495 1.145656
v 0.649496 0.096123 1.126315
v 0.643408 0.122337 1.113149
v 0.554887 -0.637721 0.967008
v 0.606179 -0.271757 1.108843
v 0.613286 -0.248506 1.127211
v 0.631524 -0.199631 1.176565
v 0.639473 -0.168995 1.198721
v 0.645237 -0.133837 1.214251
v 0.648329 -0.096098 1.221513
v 0.648547 -0.058118 1.219795
v 0.645836 -0.022011 1.209747
v 0.640444 0.010973 1.192962
v 0.633162 0.040610 1.172192
v 0.625600 0.067889 1.151919
v 0.619340 0.094516 1.136062
v 0.615160 0.121999 1.126055
v 0.612328 0.150312 1.119674
v 0.588233 0.409047 1.065999
v 0.530606 -0.642274 0.977565
v 0.577406 -0.270806 1.118425
v 0.581964 -0.245099 1.131809
v 0.587935 -0.220307 1.150436
v 0.605150 -0.131738 1.206337
v 0.607907 -0.096172 1.213528
v 0.608461 -0.060060 1.212684
v 0.606788 -0.025184 1.204088
v 0.603176 0.007281 1.189599
v 0.598296 0.037047 1.172431
v 0.593462 0.065382 1.157287
v 0.589534 0.093287 1.145905
v 0.586761 0.121733 1.138401
v 0.576684 0.269333 1.115610
v 0.552149 -0.243045 1.138123
v 0.555858 -0.216258 1.150960
v 0.560030 -0.189053 1.166316
v 0.564082 -0.160079 1.181785
v 0.569654 -0.027834 1.194921
v 0.567673 0.003982 1.184685
v 0.565024 0.034230 1.173439
v 0.562327 0.063382 1.163308
v 0.560137 0.092438 1.155906
v 0.532075 0.441719 1.082345
v 0.492534 -0.551553 1.050186
v 0.525811 -0.214072 1.155162
v 0.528359 -0.185659 1.165292
v 0.530907 -0.156488 1.175887
v 0.533102 -0.125923 1.184760
v 0.534699 -0.094170 1.190348
v 0.535509 -0.061769 1.191582
v 0.535480 -0.029578 1.188710
v 0.534750 0.001820 1.183265
v 0.533578 0.032280 1.176865
v 0.532290 0.062174 1.171043
v 0.531104 0.092081 1.166645
v 0.489401 0.577212 1.037788
v 0.477883 0.675076 0.982645
v 0.498703 -0.184393 1.170303
v 0.500356 -0.154572 1.176681
v 0.501829 -0.124286 1.182824
v 0.502979 -0.093270 1.187105
v 0.503721 -0.061864 1.189043
v 0.504025 -0.030472 1.188623
v 0.503926 0.000567 1.186330
v 0.493054 0.274202 1.153864
v 0.485946 0.362171 1.132422
v 0.463041 0.580984 1.047732
v 0.441719 -0.532075 1.082345
v 0.473046 -0.093054 1.191804
v 0.473716 -0.062034 1.193688
v 0.469607 0.185109 1.181057
v 0.391373 -0.824151 0.904043
v 0.424242 -0.424242 1.135662
v 0.428966 0.366454 1.153859
v 0.341333 -0.767811 0.971416
v 0.347549 -0.671949 1.037972
v 0.377564 -0.249975 1.201936
v 0.362171 0.485946 1.132422
v 0.353509 0.594948 1.082016
v 0.345770 0.696658 1.022156
v 0.338237 0.855548 0.896283
v 0.319797 -0.675505 1.044564
v 0.337066 -0.431185 1.161963
v 0.344260 -0.312414 1.197319
v 0.352988 -0.063386 1.233318
v 0.348643 0.220365 1.216379
v 0.342579 0.342579 1.189525
v 0.300181 -0.546771 1.122775
v 0.320837 -0.127180 1.237166
v 0.258808 -0.779398 0.987546
v 0.289616 0.127780 1.244784
v 0.267757 0.603684 1.101619
v 0.262057 0.707015 1.039782
v 0.257338 0.825141 0.950058
v 0.241456 -0.551504 1.134563
v 0.247221 -0.437073 1.182176
v 0.259368 -0.000000 1.257942
v 0.244352 0.495100 1.159680
v 0.238630 0.606169 1.106935
v 0.230715 0.782627 0.991946
v 0.205888 -0.687226 1.065374
v 0.211749 -0.553558 1.139485
v 0.216798 -0.438729 1.187521
v 0.221461 -0.317968 1.224558
v 0.224334 0.224334 1.244604
v 0.220365 0.348643 1.216379
v 0.187238 0.410433 1.202571
v 0.163077 -0.032506 1.273594
v 0.160837 0.225816 1.254125
v 0.145128 0.790212 1.002095
v 0.116270 -0.792002 1.004443
v 0.118254 -0.692951 1.074954
v 0.128850 -0.226399 1.257709
v 0.129713 -0.162334 1.267483
v 0.130328 -0.097650 1.274037
v 0.130529 0.065152 1.276091
v 0.129310 0.194459 1.262995
v 0.120182 0.613548 1.121965
v 0.115291 0.883046 0.925542
v 0.091284 -0.559332 1.152608
v 0.093990 0.413469 1.212394
v 0.092373 0.502213 1.178533
v 0.057821 -0.863651 0.948923
v 0.062351 -0.444067 1.203581
v 0.058451 0.770337 1.026088
v 0.028924 -0.864307 0.949646
v 0.029135 -0.795029 1.008351
v 0.029943 -0.643037 1.111440
v 0.031366 -0.414428 1.215301
v 0.032288 -0.227423 1.263696
v 0.032661 -0.098101 1.280234
v 0.032743 0.032743 1.283568
v 0.031540 0.384038 1.225239
v 0.029943 0.643036 1.111440
v 0.028891 0.886395 0.929064
v 0.000000 0.290996 1.251005
v -0.029356 -0.746338 1.044897
v -0.029943 -0.643037 1.111440
v -0.031366 -0.414428 1.215301
v -0.032743 0.032743 1.283568
v -0.032506 0.163077 1.273593
v -0.030826 0.503341 1.181265
v -0.029238 0.770933 1.026888
v -0.028976 0.841717 0.969724
v -0.064546 0.227211 1.262498
v -0.060196 0.615506 1.125709
v -0.087034 -0.816961 0.987265
v -0.087609 -0.769352 1.024751
v -0.095008 -0.352471 1.231434
v -0.096743 -0.226867 1.260501
v -0.097856 -0.097856 1.276926
v -0.098008 -0.065290 1.278993
v -0.098101 0.032661 1.280235
v -0.093990 0.413469 1.212394
v -0.092918 0.473024 1.190506
v -0.090229 0.614682 1.124151
v -0.087964 0.744797 1.042704
v -0.120182 -0.613548 1.121965
v -0.128850 -0.226399 1.257709
v -0.128850 0.226399 1.257709
v -0.144328 -0.836641 0.963791
v -0.157970 0.350886 1.225404
v -0.144328 0.836641 0.963791
v -0.181850 -0.555382 1.143754
v -0.184023 -0.498613 1.169278
v -0.187238 -0.410433 1.202571
v -0.204882 -0.712538 1.048811
v -0.224335 -0.224335 1.244604
v -0.227423 -0.032288 1.263696
v -0.226399 0.128850 1.257709
v -0.225816 0.160837 1.254125
v -0.220365 0.348643 1.216379
v -0.215548 0.468039 1.176507
v -0.259368 0.000000 1.257942
v -0.238630 0.606169 1.106935
v -0.230715 0.782627 0.991946
v -0.257994 -0.802524 0.969064
v -0.262057 -0.707015 1.039782
v -0.285894 -0.253699 1.226211
v -0.288006 0.191087 1.237024
v -0.281972 0.345840 1.204399
v -0.275824 0.464347 1.165330
v -0.258808 0.779398 0.987546
v -0.300181 -0.546771 1.122775
v -0.309116 -0.403950 1.179391
v -0.318179 -0.700364 1.028563
v -0.348643 -0.220365 1.216379
v -0.353414 0.000000 1.234824
v -0.325224 0.598056 1.089151
v -0.316687 0.724733 1.012009
v -0.312320 0.817190 0.940397
v -0.340218 -0.790519 0.953427
v -0.357805 -0.541313 1.108444
v -0.366454 -0.428966 1.153859
v -0.384038 0.031540 1.225239
v -0.353509 0.594948 1.082016
v -0.365945 -0.807926 0.928995
v -0.373008 -0.692721 1.015231
v -0.412657 0.125193 1.209848
v -0.403950 0.309116 1.179391
v -0.399918 0.368524 1.163592
v -0.395520 0.426647 1.145088
v -0.393223 0.455171 1.134851
v -0.417966 -0.797491 0.915971
v -0.417965 0.797491 0.915972
v -0.468922 -0.528791 1.072466
v -0.471891 -0.502028 1.083964
v -0.483309 -0.390881 1.123973
v -0.493054 -0.274202 1.153864
v -0.496958 -0.214283 1.164820
v -0.503341 -0.030826 1.181265
v -0.463041 0.580983 1.047732
v -0.483375 -0.627117 1.011318
v -0.529983 0.122312 1.163550
v -0.516502 0.331141 1.128389
v -0.508129 0.416686 1.103571
v -0.475418 0.698305 0.967491
v -0.468153 0.786050 0.901470
v -0.560563 -0.030463 1.155220
v -0.559332 0.091284 1.152608
v -0.525439 0.495704 1.062018
v -0.533860 -0.618527 0.991014
v -0.524684 0.688238 0.949066
v -0.516243 0.773845 0.885634
v -0.577212 -0.489401 1.037788
v -0.594948 -0.353509 1.082016
v -0.603684 -0.267757 1.101619
v -0.606169 -0.238630 1.106935
v -0.615506 -0.060196 1.125709
v -0.600974 0.296631 1.095688
v -0.563807 -0.741260 0.884503
v -0.590235 -0.562002 0.992707
v -0.603276 -0.767046 0.835099
v -0.695112 -0.059233 1.078426
v -0.695112 0.059233 1.078426
v -0.694205 0.088784 1.076981
v -0.678828 0.291725 1.050609
v -0.651344 0.480546 0.997255
v -0.616629 0.668193 0.907181
v -0.714839 -0.175976 1.052487
v -0.720680 -0.058948 1.061525
v -0.627835 0.723448 0.855651
v -0.728327 0.288919 1.017722
v -0.693307 0.500307 0.958493
v -0.663482 0.638126 0.895700
v -0.694368 -0.591255 0.904412
v -0.726136 -0.447963 0.960076
v -0.735809 -0.396139 0.975371
v -0.795029 -0.029135 1.008351
v -0.794418 0.058243 1.007571
v -0.775842 0.286630 0.982651
v -0.763369 0.368152 0.965102
v -0.802524 -0.257994 0.969064
v -0.805859 -0.229997 0.973336
v -0.715257 -0.715257 0.791521
v -0.741169 -0.679456 0.799186
v -0.753616 -0.643216 0.817329
v -0.767046 0.603276 0.835099
v -0.813374 -0.514326 0.850636
v -0.826728 -0.466512 0.865204
v -0.881051 -0.143901 0.923435
v -0.886395 -0.028891 0.929064
v -0.886619 -0.000000 0.929299
v -0.878624 0.172364 0.920870
v -0.872511 0.228722 0.914386
v -0.850402 0.364760 0.890762
v -0.833069 0.441783 0.872075
v -0.799360 0.559668 0.835157
v -0.745259 -0.707424 -0.770605
v -0.777795 -0.622372 -0.810790
v -0.826728 -0.466512 -0.865204
v -0.881051 -0.143901 -0.923435
v -0.707424 -0.745258 -0.770605
v -0.840012 -0.086821 -0.967746
v -0.841717 0.028976 -0.969724
v -0.841076 0.057926 -0.968983
v -0.840012 0.086821 -0.967746
v -0.817190 0.312320 -0.940397
v -0.802845 0.392170 -0.922677
v -0.797491 0.417966 -0.915971
v -0.773845 0.516243 -0.885634
v -0.741260 -0.563807 -0.884503
v -0.764903 -0.469517 -0.918786
v -0.770492 -0.444567 -0.926495
v -0.790519 -0.340218 -0.953427
v -0.802523 -0.257994 -0.969064
v -0.813678 -0.144685 -0.983201
v -0.679456 0.741169 -0.799186
v -0.761686 0.203119 -1.014035
v -0.752335 0.287702 -1.000455
v -0.694368 0.591255 -0.904412
v -0.746338 0.029356 -1.044897
v -0.647893 0.717750 -0.845435
v -0.634286 -0.684083 -0.882838
v -0.651218 -0.598075 -0.931618
v -0.719747 -0.088357 -1.060117
v -0.620467 -0.646656 -0.920080
v -0.681900 -0.263363 -1.056098
v -0.669055 0.059538 -1.094765
v -0.663576 0.177755 -1.085247
v -0.639360 0.404232 -1.038030
v -0.635411 0.431042 -1.029634
v -0.622838 0.508856 -1.001414
v -0.598354 -0.512032 -1.014636
v -0.606390 -0.460187 -1.034510
v -0.614031 -0.406595 -1.052301
v -0.627395 -0.294924 -1.081243
v -0.640491 -0.119509 -1.106879
v -0.563807 0.741260 -0.884503
v -0.613548 -0.120182 -1.121965
v -0.517833 -0.753251 -0.902304
v -0.547950 0.518664 -1.039437
v -0.514326 0.813374 -0.850636
v -0.560563 0.030463 -1.155220
v -0.551505 0.241456 -1.134563
v -0.546771 0.300181 -1.122775
v -0.541313 0.357805 -1.108444
v -0.508856 0.622838 -1.001414
v -0.497899 0.715776 -0.943107
v -0.477883 -0.675076 -0.982645
v -0.486337 -0.602403 -1.024831
v -0.523513 -0.242901 -1.147442
v -0.528719 -0.152690 -1.160531
v -0.495704 0.525439 -1.062018
v -0.444567 -0.770492 -0.926495
v -0.503342 0.030826 -1.181265
v -0.502913 0.061626 -1.180242
v -0.498613 0.184023 -1.169278
v -0.433599 -0.610274 -1.043671
v -0.441719 0.532075 -1.082345
v -0.431042 0.635411 -1.029634
v -0.416686 -0.508129 -1.103571
v -0.426647 -0.395520 -1.145088
v -0.364760 -0.850402 -0.890762
v -0.366931 -0.785905 -0.947315
v -0.397757 -0.397757 -1.154673
v -0.405790 -0.278990 -1.186250
v -0.412657 -0.125193 -1.209848
v -0.369586 0.740323 -0.982354
v -0.364760 0.850402 -0.890762
v -0.340218 -0.790519 -0.953427
v -0.384038 0.031540 -1.225239
v -0.372445 0.340811 -1.181026
v -0.323337 -0.624342 -1.074868
v -0.331141 -0.516502 -1.128389
v -0.333138 0.488460 -1.140227
v -0.291725 -0.678828 -1.050610
v -0.317968 -0.221461 -1.224558
v -0.320837 -0.127180 -1.237166
v -0.321485 -0.095486 -1.239847
v -0.320837 0.127180 -1.237166
v -0.320028 0.158760 -1.233721
v -0.316741 0.252526 -1.218851
v -0.310798 0.374267 -1.188705
v -0.293283 0.653349 -1.066213
v -0.287702 0.752335 -1.000455
v -0.256550 -0.868844 -0.910485
v -0.278990 -0.405790 -1.186250
v -0.255788 -0.223455 -1.238681
v -0.205888 -0.687226 -1.065374
v -0.213013 -0.525470 -1.152475
v -0.219217 0.379010 -1.207471
v -0.211749 0.553558 -1.139485
v -0.206964 0.661429 -1.081373
v -0.182933 -0.527210 -1.156839
v -0.187238 -0.410433 -1.202571
v -0.192675 -0.225124 -1.249755
v -0.193954 -0.161409 -1.259373
v -0.194863 -0.097090 -1.265817
v -0.195344 0.032404 -1.269048
v -0.193954 0.161409 -1.259373
v -0.143901 -0.881051 -0.923436
v -0.156284 -0.411641 -1.206573
v -0.160201 0.257466 -1.248094
v -0.158760 0.320028 -1.233721
v -0.151787 0.556962 -1.147364
v -0.145650 0.766245 -1.020464
v -0.143901 0.881051 -0.923435
v -0.115916 -0.815519 -0.985487
v -0.118254 -0.692951 -1.074954
v -0.128338 -0.258128 -1.251635
v -0.129713 0.162334 -1.267483
v -0.058067 -0.817998 -0.988534
v -0.061261 -0.531720 -1.167567
v -0.061990 -0.473690 -1.192253
v -0.062706 -0.414063 -1.214212
v -0.064288 -0.259046 -1.256365
v -0.064777 -0.195160 -1.267836
v -0.065152 -0.130529 -1.276091
v -0.065476 0.000000 -1.282733
v -0.059538 0.669055 -1.094765
v -0.058451 0.770337 -1.026088
v -0.028891 -0.886395 -0.929064
v -0.029943 -0.643037 -1.111440
v -0.030284 -0.588514 -1.141239
v -0.032743 0.032743 -1.283568
v -0.032592 0.130653 -1.277325
v -0.031707 0.353305 -1.234448
v -0.030463 0.560563 -1.155220
v -0.029239 0.770933 -1.026888
v 0.000000 -0.353414 -1.234824
v -0.000000 0.669771 -1.095946
v 0.029487 -0.721246 -1.062368
v 0.032404 0.195344 -1.269048
v 0.031867 0.322253 -1.242911
v 0.061990 -0.473690 -1.192253
v 0.063386 -0.352988 -1.233318
v 0.062351 0.444067 -1.203581
v 0.061626 0.502913 -1.180242
v 0.057821 0.863651 -0.948923
v 0.086565 -0.884605 -0.927184
v 0.097393 -0.162673 -1.270332
v 0.098102 0.032661 -1.280235
v 0.097650 0.130328 -1.274037
v 0.089241 0.668175 -1.093284
v 0.087609 0.769351 -1.024751
v 0.129713 -0.162334 -1.267483
v 0.130653 0.032592 -1.277325
v 0.121589 0.558283 -1.150316
v 0.146900 -0.716816 -1.055598
v 0.154506 -0.470969 -1.184908
v 0.157970 -0.350887 -1.225404
v 0.159506 -0.288879 -1.241289
v 0.145650 0.766245 -1.020464
v 0.144065 0.859099 -0.943868
v 0.173310 -0.811448 -0.980411
v 0.180781 -0.583116 -1.130037
v 0.201253 -0.831658 -0.957879
v 0.208098 -0.635156 -1.096797
v 0.221461 0.317968 -1.224558
v 0.216798 0.438729 -1.187521
v 0.211749 0.553558 -1.139485
v 0.203119 0.761686 -1.014035
v 0.248618 -0.407494 -1.192405
v 0.258657 -0.096357 -1.254393
v 0.259368 0.000000 -1.257942
v 0.259286 0.032159 -1.257548
v 0.258128 0.128338 -1.251635
v 0.257466 0.160201 -1.248094
v 0.235974 0.659000 -1.076906
v 0.228988 0.850804 -0.934553
v 0.283365 0.315398 -1.212403
v 0.259766 0.755769 -1.005498
v 0.307381 0.433285 -1.169389
v 0.300181 0.546771 -1.122775
v 0.323337 -0.624342 -1.074868
v 0.338969 -0.401988 -1.171835
v 0.345840 -0.281973 -1.204399
v 0.347305 -0.251281 -1.210755
v 0.350886 -0.157970 -1.225404
v 0.353414 0.000000 -1.234824
v 0.315338 0.748605 -0.994909
v 0.340218 -0.790519 -0.953427
v 0.382381 0.125881 -1.219684
v 0.380304 0.188263 -1.212278
v 0.374267 0.310798 -1.188705
v 0.345770 0.696657 -1.022156
v 0.373008 -0.692721 -1.015231
v 0.416686 -0.508129 -1.103571
v 0.426647 0.395520 -1.145088
v 0.424242 0.424242 -1.135662
v 0.414117 0.535270 -1.091643
v 0.444486 -0.505118 -1.094066
v 0.470969 -0.154505 -1.184908
v 0.473690 -0.061990 -1.192253
v 0.474098 -0.031008 -1.193298
v 0.441719 0.532075 -1.082345
v 0.431042 0.635411 -1.029634
v 0.496958 0.214283 -1.164820
v 0.477883 -0.675076 -0.982645
v 0.513839 -0.359989 -1.120745
v 0.516502 -0.331141 -1.128389
v 0.523513 -0.242901 -1.147442
v 0.512032 -0.598354 -1.014636
v 0.546771 0.300181 -1.122775
v 0.516243 -0.773845 -0.885634
v 0.587234 0.090750 -1.138689
v 0.584765 0.150897 -1.133566
v 0.598056 0.325224 -1.089151
v 0.582374 -0.609993 -0.968731
v 0.635156 0.208098 -1.096797
v 0.606390 0.460187 -1.034510
v 0.614231 -0.558370 -0.980120
v 0.635411 -0.431042 -1.029634
v 0.663992 -0.178264 -1.086947
v 0.666144 -0.148995 -1.091512
v 0.667875 -0.119301 -1.095014
v 0.669078 -0.089332 -1.097037
v 0.669919 -0.029576 -1.096946
v 0.669836 0.000063 -1.096198
v 0.643148 0.377024 -1.045899
v 0.691375 -0.178745 -1.075364
v 0.694342 -0.149729 -1.082241
v 0.696616 -0.119756 -1.087289
v 0.697906 -0.089171 -1.089439
v 0.698154 -0.058642 -1.088527
v 0.697572 -0.028715 -1.085445
v 0.696627 0.000588 -1.082000
v 0.711067 -0.235057 -1.047386
v 0.715630 -0.208201 -1.056724
v 0.720562 -0.180865 -1.067680
v 0.725094 -0.152030 -1.078246
v 0.728414 -0.121359 -1.085939
v 0.729959 -0.089480 -1.088862
v 0.729606 -0.057639 -1.086560
v 0.727668 -0.026967 -1.080075
v 0.724866 0.002133 -1.071822
v 0.722247 0.030327 -1.064932
v 0.712538 0.204882 -1.048811
v 0.647893 -0.717750 -0.845435
v 0.663482 -0.638126 -0.895700
v 0.732352 -0.261772 -1.024327
v 0.737825 -0.236060 -1.034111
v 0.744867 -0.211078 -1.047907
v 0.752548 -0.185012 -1.064076
v 0.759460 -0.156286 -1.079508
v 0.761603 -0.024271 -1.081409
v 0.756168 0.005138 -1.067797
v 0.750540 0.032392 -1.054597
v 0.746394 0.059264 -1.045517
v 0.728327 0.288919 -1.017722
v 0.720875 0.344128 -1.005786
v 0.757611 -0.261870 -1.008635
v 0.765596 -0.238301 -1.021947
v 0.776002 -0.215449 -1.040534
v 0.787117 -0.190719 -1.061759
v 0.796794 -0.161831 -1.081252
v 0.803337 -0.128376 -1.095035
v 0.805886 -0.091954 -1.100559
v 0.804290 -0.055278 -1.096907
v 0.798923 -0.021028 -1.084919
v 0.790696 0.009237 -1.067144
v 0.781404 0.035880 -1.048027
v 0.773621 0.061078 -1.032737
v 0.769496 0.087748 -1.025034
v 0.671326 0.740648 -0.842351
v 0.782920 -0.262484 -0.992834
v 0.793947 -0.241107 -1.009474
v 0.808186 -0.220433 -1.032214
v 0.822792 -0.196776 -1.057112
v 0.834901 -0.167516 -1.079118
v 0.842890 -0.132518 -1.094439
v 0.846044 -0.093822 -1.100824
v 0.844215 -0.054641 -1.097481
v 0.837716 -0.018158 -1.085156
v 0.827251 0.013539 -1.065801
v 0.814505 0.040234 -1.042964
v 0.802562 0.064034 -1.022040
v 0.794785 0.088487 -1.008704
v 0.792002 0.116270 -1.004443
v 0.799524 -0.286453 -0.965197
v 0.807938 -0.263225 -0.976339
v 0.821978 -0.243736 -0.995384
v 0.839808 -0.224845 -1.020859
v 0.857328 -0.201870 -1.047292
v 0.871483 -0.172306 -1.070128
v 0.880775 -0.136293 -1.086283
v 0.884631 -0.095969 -1.093576
v 0.882900 -0.054766 -1.091165
v 0.875744 -0.016228 -1.079428
v 0.863779 0.017070 -1.059992
v 0.832764 0.067585 -1.011655
v 0.821050 0.090219 -0.993664
v 0.815546 0.115942 -0.985530
v 0.711219 -0.730518 -0.781154
v 0.832101 -0.263637 -0.958493
v 0.848693 -0.245588 -0.979066
v 0.869324 -0.227696 -1.005169
v 0.889094 -0.205317 -1.031796
v 0.904891 -0.175791 -1.054507
v 0.915554 -0.139338 -1.070694
v 0.920452 -0.098129 -1.078670
v 0.919128 -0.055564 -1.077387
v 0.911623 -0.015410 -1.066898
v 0.898615 0.019405 -1.048494
v 0.881385 0.047661 -1.024407
v 0.862959 0.070813 -0.999043
v 0.847646 0.092243 -0.978256
v 0.839030 0.116054 -0.966727
v 0.736079 0.693976 -0.837630
v 0.767046 -0.603276 -0.835099
v 0.793889 -0.515061 -0.868414
v 0.844527 -0.285602 -0.927362
v 0.855443 -0.263937 -0.939660
v 0.873192 -0.245968 -0.959638
v 0.895763 -0.228822 -0.985504
v 0.917315 -0.206928 -1.011311
v 0.934783 -0.177653 -1.033123
v 0.947031 -0.141329 -1.049021
v 0.953119 -0.099909 -1.057329
v 0.952365 -0.056682 -1.056972
v 0.944752 -0.015450 -1.047912
v 0.931018 0.020594 -1.031092
v 0.912579 0.049911 -1.008366
v 0.873614 0.093904 -0.961162
v 0.862359 0.116443 -0.947669
v 0.847249 0.256852 -0.930531
v 0.765212 0.652636 -0.841418
v 0.826728 -0.466512 -0.865204
v 0.877421 -0.263595 -0.919114
v 0.895753 -0.245528 -0.938148
v 0.942264 -0.206823 -0.986893
v 0.961398 -0.178001 -1.007362
v 0.975198 -0.142099 -1.022346
v 0.982518 -0.100932 -1.030464
v 0.982504 -0.057617 -1.030754
v 0.975007 -0.015895 -1.023066
v 0.960792 0.020952 -1.008166
v 0.941085 0.050939 -0.987382
v 0.897969 0.094704 -0.941581
vn 0.1516 0.6919 0.7059
vn -0.1205 0.7081 0.6958
vn -0.2132 0.7015 0.6800
vn 0.1500 -0.6944 0.7038
vn 0.3852 -0.6398 0.6651
vn 0.3860 0.2217 0.8954
vn 0.5513 0.2471 0.7969
vn 0.8028 0.2136 0.5566
vn 0.8851 0.2678 0.3807
vn 0.9388 0.2696 0.2144
vn 0.9750 0.1959 0.1044
vn 0.9966 0.0634 0.0526
vn 0.9956 -0.0860 0.0381
vn 0.9714 -0.2299 0.0599
vn 0.9320 -0.3357 0.1366
vn 0.8813 -0.4016 0.2488
vn 0.8064 -0.3535 0.4740
vn 0.6617 -0.3472 0.6646
vn 0.6317 -0.4531 0.6290
vn 0.6025 -0.5088 0.6149
vn 0.2291 0.3864 -0.8934
vn 0.1645 0.2522 -0.9536
vn 0.1073 0.1015 -0.9890
vn 0.1583 0.1257 -0.9793
vn 0.2880 0.3112 -0.9056
vn 0.3917 0.4634 -0.7948
vn 0.4913 0.5733 -0.6557
vn 0.6097 0.6420 -0.4648
vn 0.7213 0.6627 -0.2016
vn 0.7729 0.6280 0.0913
vn 0.7715 0.5779 0.2659
vn 0.7831 0.5927 0.1885
vn 0.7543 0.6509 -0.0858
vn 0.7160 0.6635 -0.2171
vn 0.7288 0.6654 -0.1614
vn 0.7488 0.6576 -0.0828
vn 0.7590 0.6510 -0.0068
vn 0.7704 0.6280 0.1101
vn 0.7681 0.6115 0.1898
vn 0.8382 0.5002 0.2175
vn 0.9083 0.3568 0.2184
vn 0.9312 0.2319 0.2811
vn 0.9136 0.1216 0.3879
vn 0.8645 0.0574 0.4993
vn 0.7941 0.0285 0.6071
vn 0.6991 0.0434 0.7137
vn 0.5936 0.0883 0.7999
vn 0.5075 0.2633 0.8204
vn 0.4264 0.3871 0.8175
vn 0.2598 0.4276 0.8659
vn 0.2238 0.4023 0.8878
vn 0.5848 -0.6034 0.5422
vn 0.6706 -0.6496 0.3583
vn 0.6949 -0.7072 0.1300
vn 0.4616 0.2761 -0.8430
vn 0.5530 0.2633 -0.7905
vn 0.6593 0.4152 -0.6268
vn 0.5155 0.7281 -0.4518
vn 0.5297 0.7484 -0.3991
vn 0.6481 0.5868 -0.4853
vn 0.7389 0.3661 -0.5657
vn 0.7860 0.1166 -0.6072
vn 0.7863 -0.1395 -0.6018
vn 0.7410 -0.3860 -0.5495
vn 0.6530 -0.6049 -0.4557
vn 0.5239 -0.7795 -0.3435
vn 0.4334 -0.8583 -0.2746
vn 0.4524 -0.8376 -0.3064
vn 0.5522 -0.7053 -0.4446
vn 0.6633 -0.4517 -0.5966
vn 0.6179 -0.4938 -0.6119
vn -0.2855 0.7041 -0.6502
vn 0.2868 0.4826 -0.8275
vn -0.0440 -0.7192 -0.6934
vn -0.6812 -0.2695 0.6806
vn -0.6951 -0.2107 0.6873
vn -0.6782 -0.6549 0.3333
vn -0.5994 -0.6085 0.5200
vn -0.7162 -0.1454 0.6826
vn -0.7232 0.1140 0.6811
vn -0.6094 0.5494 0.5716
vn -0.6483 -0.5160 0.5598
vn -0.6678 -0.4762 0.5721
vn -0.6886 -0.4118 0.5969
vn -0.7140 -0.3533 0.6044
vn -0.7537 -0.1278 0.6447
vn -0.7513 -0.0369 0.6589
vn -0.6421 -0.5618 0.5216
vn -0.7375 -0.2837 0.6129
vn -0.7936 -0.0359 0.6073
vn -0.7871 0.0600 0.6140
vn -0.7754 0.1528 0.6127
vn -0.7567 0.2350 0.6101
vn -0.7430 0.3167 0.5896
vn -0.7090 0.4114 0.5728
vn -0.7683 -0.2497 0.5893
vn -0.7769 -0.1866 0.6014
vn -0.7251 0.4455 0.5252
vn -0.7302 -0.4414 0.5215
vn -0.7675 -0.3689 0.5242
vn -0.7903 -0.2933 0.5380
vn -0.8198 -0.1592 0.5500
vn -0.8271 -0.0780 0.5567
vn -0.6707 0.5460 0.5022
vn -0.8337 0.1057 0.5419
vn -0.8231 0.1933 0.5340
vn -0.8008 0.2850 0.5267
vn -0.7707 -0.4357 0.4650
vn -0.8181 -0.2954 0.4934
vn -0.8402 -0.1916 0.5074
vn -0.7001 -0.5607 0.4420
vn -0.7328 -0.5174 0.4418
vn -0.8614 0.0489 0.5055
vn -0.8718 -0.1889 0.4521
vn -0.8716 -0.0210 0.4898
vn -0.7831 0.4309 0.4484
vn -0.6892 0.5665 0.4517
vn -0.6726 -0.6202 0.4036
vn -0.8902 0.0958 0.4454
vn -0.8725 0.1950 0.4480
vn -0.8606 0.2496 0.4440
vn -0.8283 0.3300 0.4529
vn -0.8120 0.3782 0.4446
vn -0.7120 0.5939 0.3746
vn -0.8180 -0.4016 0.4119
vn -0.8448 -0.3288 0.4221
vn -0.8715 -0.2611 0.4151
vn -0.8919 -0.1082 0.4390
vn -0.7725 0.4999 0.3916
vn -0.9123 0.1052 0.3958
vn -0.7270 -0.6051 0.3244
vn -0.7684 -0.5326 0.3548
vn -0.8445 -0.4073 0.3477
vn -0.9285 -0.0506 0.3678
vn -0.9336 0.0350 0.3565
vn -0.8918 0.2975 0.3408
vn -0.8545 0.3903 0.3427
vn -0.8221 -0.4660 0.3272
vn -0.9074 -0.2868 0.3072
vn -0.9236 -0.2020 0.3258
vn -0.9399 -0.1113 0.3228
vn -0.9226 0.1696 0.3465
vn -0.9096 0.2530 0.3295
vn -0.7989 0.5105 0.3179
vn -0.7877 -0.5432 0.2905
vn -0.8857 -0.3587 0.2946
vn -0.8755 0.3969 0.2756
vn -0.8186 0.5217 0.2404
vn -0.7421 0.6017 0.2954
vn -0.7328 -0.6341 0.2468
vn -0.8524 -0.4640 0.2411
vn -0.7599 0.6140 0.2133
vn -0.7105 0.6604 0.2432
vn -0.8996 -0.3732 0.2267
vn -0.9616 0.0481 0.2703
vn -0.9611 0.1032 0.2561
vn -0.9610 0.1358 0.2410
vn -0.9539 0.1893 0.2329
vn -0.9388 0.2485 0.2387
vn -0.7458 -0.6386 0.1896
vn -0.7966 -0.5692 0.2035
vn -0.8381 -0.5062 0.2031
vn -0.9713 -0.1221 0.2042
vn -0.9760 -0.0555 0.2107
vn -0.9773 -0.0044 0.2119
vn -0.9313 0.3027 0.2024
vn -0.9472 -0.2568 0.1920
vn -0.9827 0.0751 0.1692
vn -0.8916 0.4060 0.2005
vn -0.8419 -0.5223 0.1356
vn -0.9057 -0.3837 0.1804
vn -0.9640 -0.2043 0.1704
vn -0.8353 0.5251 0.1630
vn -0.7464 -0.6548 0.1190
vn -0.8461 -0.5245 0.0949
vn -0.9163 -0.3835 0.1152
vn -0.9725 0.1957 0.1266
vn -0.9492 0.2913 0.1189
vn -0.8995 0.4190 0.1240
vn -0.9202 -0.3839 0.0761
vn -0.9915 -0.0874 0.0966
vn -0.8386 0.5385 0.0819
vn -0.7766 0.6219 0.1001
vn -0.7672 -0.6364 0.0800
vn -0.9718 -0.2246 0.0719
vn -0.9873 -0.1437 0.0685
vn -0.9974 -0.0296 0.0658
vn -0.9973 0.0238 0.0702
vn -0.9918 0.1011 0.0779
vn -0.9835 0.1631 0.0786
vn -0.7437 0.6633 0.0835
vn -0.9534 0.2964 0.0558
vn -0.9123 0.4044 0.0638
vn -0.7555 -0.6550 0.0148
vn -0.8022 -0.5970 0.0069
vn -0.9127 0.4087 0.0039
vn -0.8517 -0.5225 0.0396
vn -0.9001 -0.4349 0.0255
vn -0.9485 -0.3169 0.0008
vn -0.9635 -0.2675 0.0027
vn -0.9620 0.2729 -0.0027
vn -0.8399 0.5427 -0.0116
vn -0.7127 -0.7014 -0.0094
vn -0.8492 -0.5278 -0.0183
vn -0.9360 -0.3487 -0.0480
vn -0.9886 -0.1492 -0.0223
vn -0.9975 0.0664 -0.0232
vn -0.9811 0.1933 -0.0110
vn -0.7373 0.6753 -0.0168
vn -0.9041 -0.4253 -0.0422
vn -0.9974 -0.0675 -0.0250
vn -0.9784 0.1916 -0.0776
vn -0.9494 0.3061 -0.0706
vn -0.9114 0.4066 -0.0637
vn -0.7759 0.6297 -0.0376
vn -0.7853 -0.6153 -0.0688
vn -0.8502 -0.5198 -0.0834
vn -0.9709 -0.2288 -0.0705
vn -0.9903 0.1063 -0.0891
vn -0.8815 -0.4599 -0.1069
vn -0.9921 -0.0780 -0.0985
vn -0.9963 0.0057 -0.0855
vn -0.7119 -0.6951 -0.1006
vn -0.7522 -0.6493 -0.1119
vn -0.8164 -0.5642 -0.1230
vn -0.9712 -0.1998 -0.1301
vn -0.7661 0.6319 -0.1171
vn -0.7173 0.6867 -0.1184
vn -0.8986 -0.4107 -0.1543
vn -0.9288 -0.3391 -0.1497
vn -0.9804 -0.1108 -0.1631
vn -0.9864 -0.0006 -0.1641
vn -0.9846 0.0878 -0.1509
vn -0.9434 0.2991 -0.1435
vn -0.9661 0.2029 -0.1595
vn -0.8901 0.4368 -0.1301
vn -0.8457 0.5139 -0.1440
vn -0.7991 0.5825 -0.1488
vn -0.9472 -0.2606 -0.1868
vn -0.8739 0.4428 -0.2003
vn -0.7053 -0.6755 -0.2149
vn -0.7498 -0.6286 -0.2062
vn -0.7992 -0.5674 -0.1986
vn -0.9231 0.3296 -0.1979
vn -0.7193 0.6579 -0.2232
vn -0.9321 -0.2618 -0.2502
vn -0.9676 -0.1043 -0.2300
vn -0.9671 -0.0299 -0.2528
vn -0.9639 0.0077 -0.2662
vn -0.9632 0.0547 -0.2631
vn -0.9650 0.1156 -0.2356
vn -0.9595 0.1694 -0.2250
vn -0.9444 0.2278 -0.2372
vn -0.9141 0.3201 -0.2490
vn -0.7828 0.5773 -0.2324
vn -0.8141 -0.5265 -0.2451
vn -0.8620 -0.4372 -0.2567
vn -0.8570 0.4372 -0.2727
vn -0.9349 -0.1986 -0.2942
vn -0.9470 -0.1339 -0.2919
vn -0.6939 -0.6554 -0.2982
vn -0.7927 -0.5164 -0.3239
vn -0.8850 -0.3588 -0.2966
vn -0.8951 0.3279 -0.3023
vn -0.8245 0.4804 -0.2990
vn -0.7662 0.5747 -0.2876
vn -0.9370 -0.0789 -0.3403
vn -0.9308 0.0823 -0.3562
vn -0.9204 0.1546 -0.3592
vn -0.9119 0.2222 -0.3451
vn -0.8806 0.3298 -0.3403
vn -0.7329 -0.5920 -0.3353
vn -0.9281 -0.0481 -0.3692
vn -0.8471 -0.3644 -0.3868
vn -0.8708 -0.2939 -0.3941
vn -0.8807 -0.2518 -0.4012
vn -0.8912 -0.1806 -0.4161
vn -0.8980 -0.1414 -0.4167
vn -0.6735 0.6456 -0.3599
vn -0.9064 -0.0180 -0.4219
vn -0.9086 0.0557 -0.4139
vn -0.8836 0.1872 -0.4292
vn -0.8632 0.2771 -0.4220
vn -0.8403 0.3563 -0.4086
vn -0.7355 0.5708 -0.3651
vn -0.7674 -0.4946 -0.4081
vn -0.8011 -0.4305 -0.4158
vn -0.8814 -0.0717 -0.4670
vn -0.8105 0.4196 -0.4086
vn -0.7810 0.4773 -0.4027
vn -0.7130 0.5587 -0.4236
vn -0.6494 -0.6191 -0.4416
vn -0.6811 -0.5877 -0.4368
vn -0.8657 0.0585 -0.4971
vn -0.8643 0.1390 -0.4835
vn -0.8237 0.2840 -0.4907
vn -0.7048 -0.5258 -0.4762
vn -0.7650 -0.3880 -0.5141
vn -0.7833 -0.3313 -0.5260
vn -0.8009 -0.2790 -0.5298
vn -0.8156 -0.2278 -0.5318
vn -0.8300 -0.1701 -0.5312
vn -0.8333 -0.1150 -0.5407
vn -0.8312 -0.0595 -0.5528
vn -0.8350 0.0118 -0.5501
vn -0.8217 0.1586 -0.5474
vn -0.8130 0.2245 -0.5373
vn -0.7478 0.4366 -0.5002
vn -0.6933 0.5380 -0.4794
vn -0.7762 0.3355 -0.5338
vn -0.7575 0.3848 -0.5273
vn -0.7868 0.0271 -0.6167
vn -0.7800 0.1276 -0.6126
vn -0.7684 0.2577 -0.5857
vn -0.6576 0.5444 -0.5207
vn -0.6707 -0.5129 -0.5358
vn -0.7139 -0.4250 -0.5565
vn -0.7707 -0.1892 -0.6085
vn -0.7785 -0.1006 -0.6196
vn -0.6712 -0.4207 -0.6103
vn -0.7126 -0.2989 -0.6347
vn -0.7197 -0.2362 -0.6528
vn -0.7219 -0.1913 -0.6651
vn -0.7263 0.1431 -0.6724
vn -0.7264 0.2712 -0.6315
vn -0.6890 0.3940 -0.6083
vn -0.6233 0.5303 -0.5748
vn -0.7368 -0.0810 -0.6713
vn -0.7386 0.0091 -0.6740
vn -0.7018 0.2205 -0.6774
vn -0.6895 0.3303 -0.6446
vn -0.6462 0.4517 -0.6152
vn -0.4172 -0.6662 -0.6181
vn -0.3475 -0.6879 -0.6373
vn 0.0735 -0.7277 -0.6819
vn 0.1704 -0.7142 -0.6789
vn 0.3088 -0.6833 -0.6617
vn 0.3971 -0.6569 -0.6409
vn 0.5522 -0.6115 -0.5667
vn 0.5107 -0.6435 -0.5701
vn -0.5616 -0.6182 -0.5499
vn -0.0244 -0.7545 -0.6559
vn 0.0668 -0.7710 -0.6334
vn 0.1787 -0.7521 -0.6344
vn 0.2628 -0.7316 -0.6291
vn 0.4134 -0.6935 -0.5901
vn -0.4671 -0.6823 -0.5624
vn -0.3201 -0.7420 -0.5891
vn -0.2248 -0.7579 -0.6124
vn -0.1541 -0.7682 -0.6214
vn -0.0778 -0.7755 -0.6266
vn 0.5260 -0.6769 -0.5150
vn -0.0609 -0.8182 -0.5716
vn 0.0073 -0.8339 -0.5518
vn 0.0638 -0.8266 -0.5591
vn 0.1327 -0.8147 -0.5645
vn 0.1846 -0.8100 -0.5566
vn 0.2428 -0.8017 -0.5462
vn 0.3204 -0.7787 -0.5393
vn 0.3981 -0.7520 -0.5254
vn 0.4628 -0.7271 -0.5071
vn -0.4786 -0.7184 -0.5048
vn -0.3805 -0.7735 -0.5069
vn -0.3232 -0.7993 -0.5066
vn -0.2558 -0.8174 -0.5161
vn -0.1793 -0.8246 -0.5366
vn -0.1000 -0.8407 -0.5322
vn -0.5964 -0.6501 -0.4708
vn 0.3170 -0.8297 -0.4594
vn 0.5536 -0.7041 -0.4446
vn 0.6272 -0.6264 -0.4629
vn -0.5690 -0.7032 -0.4264
vn -0.4902 -0.7472 -0.4488
vn 0.6328 -0.6633 -0.3994
vn -0.4979 -0.7774 -0.3844
vn -0.3994 -0.8083 -0.4326
vn -0.2332 -0.8706 -0.4332
vn -0.1604 -0.8843 -0.4385
vn -0.0867 -0.8876 -0.4524
vn -0.0040 -0.8826 -0.4700
vn 0.1171 -0.8862 -0.4482
vn 0.1860 -0.8770 -0.4431
vn 0.2512 -0.8642 -0.4359
vn 0.4583 -0.7784 -0.4290
vn 0.3884 -0.8246 -0.4113
vn 0.5234 -0.7545 -0.3958
vn -0.6470 -0.6781 -0.3486
vn -0.5914 -0.7281 -0.3466
vn -0.3815 -0.8395 -0.3869
vn 0.0241 -0.9090 -0.4161
vn -0.2927 -0.8760 -0.3834
vn 0.6413 -0.6838 -0.3482
vn -0.5057 -0.7962 -0.3322
vn 0.0186 -0.9318 -0.3624
vn 0.5330 -0.7824 -0.3221
vn -0.1183 -0.9288 -0.3512
vn 0.1934 -0.9200 -0.3409
vn 0.2812 -0.8912 -0.3558
vn 0.4011 -0.8559 -0.3264
vn 0.4766 -0.8271 -0.2981
vn -0.4383 -0.8510 -0.2893
vn 0.2911 -0.9126 -0.2870
vn 0.3724 -0.8822 -0.2881
vn 0.6020 -0.7402 -0.2997
vn -0.6043 -0.7537 -0.2582
vn -0.5223 -0.8170 -0.2444
vn -0.3144 -0.9027 -0.2939
vn -0.2472 -0.9227 -0.2959
vn -0.1475 -0.9409 -0.3050
vn 0.0492 -0.9504 -0.3071
vn 0.1441 -0.9425 -0.3016
vn 0.6063 -0.7572 -0.2429
vn -0.3909 -0.8820 -0.2634
vn 0.6828 -0.6965 -0.2203
vn -0.1489 -0.9602 -0.2365
vn -0.6433 -0.7357 -0.2118
vn -0.0660 -0.9742 -0.2158
vn -0.0044 -0.9756 -0.2196
vn 0.1932 -0.9541 -0.2289
vn 0.6188 -0.7651 -0.1783
vn -0.4027 -0.8920 -0.2052
vn -0.2843 -0.9359 -0.2078
vn 0.0380 -0.9842 -0.1732
vn 0.1143 -0.9741 -0.1951
vn -0.5313 -0.8302 -0.1686
vn -0.4062 -0.9007 -0.1539
vn 0.2319 -0.9558 -0.1806
vn 0.2986 -0.9329 -0.2015
vn 0.4920 -0.8548 -0.1648
vn 0.5542 -0.8177 -0.1561
vn -0.1980 -0.9680 -0.1541
vn 0.3864 -0.9095 -0.1534
vn 0.4475 -0.8836 -0.1379
vn -0.6601 -0.7427 -0.1126
vn -0.2822 -0.9493 -0.1387
vn 0.3144 -0.9421 -0.1170
vn -0.6170 -0.7798 -0.1059
vn -0.5302 -0.8411 -0.1073
vn -0.4054 -0.9087 -0.0993
vn -0.2806 -0.9563 -0.0826
vn -0.1200 -0.9863 -0.1132
vn 0.1515 -0.9836 -0.0978
vn 0.2067 -0.9746 -0.0864
vn 0.0316 -0.9954 -0.0901
vn 0.1256 -0.9903 -0.0586
vn 0.6580 -0.7459 -0.1031
vn 0.5645 -0.8240 -0.0497
vn 0.6541 -0.7551 -0.0452
vn -0.5499 -0.8352 -0.0092
vn -0.4963 -0.8678 -0.0263
vn -0.4058 -0.9128 -0.0470
vn -0.2870 -0.9577 -0.0190
vn -0.1373 -0.9900 -0.0330
vn -0.0610 -0.9972 -0.0429
vn 0.0109 -0.9992 -0.0383
vn 0.2519 -0.9674 -0.0257
vn 0.3304 -0.9436 -0.0208
vn -0.6130 -0.7901 -0.0005
vn -0.3910 -0.9203 0.0113
vn 0.4459 -0.8949 -0.0174
vn -0.6461 -0.7628 0.0276
vn -0.2147 -0.9766 0.0090
vn 0.1277 -0.9916 0.0227
vn 0.3914 -0.9200 0.0182
vn 0.6844 -0.7290 0.0071
vn 0.0245 -0.9982 0.0552
vn 0.2763 -0.9589 0.0651
vn 0.5159 -0.8564 0.0197
vn -0.3859 -0.9186 0.0854
vn -0.2143 -0.9744 0.0679
vn -0.0905 -0.9927 0.0803
vn -0.0284 -0.9956 0.0893
vn 0.0901 -0.9914 0.0944
vn 0.2163 -0.9732 0.0778
vn 0.5471 -0.8353 0.0545
vn 0.6529 -0.7534 0.0785
vn -0.5045 -0.8580 0.0966
vn -0.4434 -0.8892 0.1126
vn -0.3279 -0.9376 0.1155
vn -0.2007 -0.9724 0.1187
vn 0.6099 -0.7878 0.0860
vn -0.6309 -0.7670 0.1172
vn 0.3808 -0.9189 0.1029
vn 0.4567 -0.8789 0.1375
vn 0.5183 -0.8455 0.1287
vn -0.6743 -0.7243 0.1437
vn -0.1896 -0.9685 0.1612
vn 0.3559 -0.9197 0.1656
vn -0.5511 -0.8193 0.1583
vn -0.2431 -0.9520 0.1860
vn 0.1042 -0.9812 0.1622
vn 0.2232 -0.9599 0.1696
vn 0.5769 -0.8010 0.1596
vn -0.1033 -0.9743 0.2001
vn -0.0334 -0.9802 0.1952
vn -0.0010 -0.9732 0.2301
vn 0.1051 -0.9679 0.2282
vn -0.5473 -0.8022 0.2386
vn -0.3325 -0.9229 0.1942
vn 0.2529 -0.9389 0.2333
vn 0.3273 -0.9181 0.2237
vn 0.4532 -0.8626 0.2249
vn 0.5652 -0.7995 0.2034
vn 0.6698 -0.7117 0.2116
vn -0.6652 -0.7121 0.2247
vn -0.4325 -0.8685 0.2422
vn -0.1978 -0.9409 0.2748
vn -0.1144 -0.9535 0.2790
vn 0.1113 -0.9537 0.2795
vn 0.5519 -0.7885 0.2714
vn 0.6332 -0.7353 0.2419
vn -0.4849 -0.8270 0.2844
vn -0.3827 -0.8822 0.2744
vn -0.3125 -0.9081 0.2786
vn -0.2350 -0.9213 0.3099
vn 0.3520 -0.8884 0.2947
vn 0.0795 -0.9435 0.3216
vn 0.2253 -0.9266 0.3010
vn 0.4397 -0.8477 0.2969
vn -0.6432 -0.7092 0.2887
vn -0.1099 -0.9336 0.3410
vn -0.0372 -0.9423 0.3326
vn 0.0158 -0.9445 0.3281
vn -0.5910 -0.7425 0.3154
vn 0.5474 -0.7680 0.3325
vn -0.3579 -0.8570 0.3709
vn -0.2351 -0.8903 0.3900
vn 0.1395 -0.9133 0.3826
vn 0.1990 -0.9037 0.3792
vn 0.2685 -0.8890 0.3710
vn 0.3307 -0.8698 0.3661
vn 0.4668 -0.8112 0.3522
vn 0.6337 -0.7005 0.3282
vn -0.0193 -0.9048 0.4253
vn 0.1026 -0.9025 0.4183
vn -0.4663 -0.7991 0.3794
vn -0.3464 -0.8340 0.4295
vn -0.1771 -0.8866 0.4274
vn -0.0824 -0.8975 0.4332
vn 0.0292 -0.8949 0.4453
vn 0.5805 -0.7187 0.3828
vn -0.5739 -0.7204 0.3893
vn 0.2484 -0.8516 0.4615
vn 0.3072 -0.8374 0.4522
vn 0.3854 -0.8228 0.4177
vn 0.4520 -0.7898 0.4146
vn -0.4825 -0.7679 0.4214
vn -0.6216 -0.6526 0.4332
vn -0.1624 -0.8589 0.4857
vn 0.0293 -0.8554 0.5171
vn 0.1205 -0.8495 0.5137
vn 0.1781 -0.8486 0.4981
vn -0.4634 -0.7424 0.4840
vn 0.5608 -0.6922 0.4542
vn -0.5852 -0.6556 0.4773
vn -0.5146 -0.7001 0.4950
vn 0.3343 -0.7861 0.5200
vn 0.3896 -0.7672 0.5095
vn 0.4407 -0.7462 0.4990
vn 0.5078 -0.7164 0.4785
vn 0.5989 -0.6427 0.4777
vn -0.3965 -0.7586 0.5170
vn -0.3265 -0.7892 0.5201
vn -0.2682 -0.8081 0.5244
vn -0.2184 -0.8135 0.5390
vn -0.1473 -0.8105 0.5669
vn -0.0783 -0.8270 0.5567
vn -0.0017 -0.8296 0.5584
vn 0.1765 -0.8036 0.5684
vn 0.2628 -0.7907 0.5529
vn 0.1308 -0.7757 0.6174
vn 0.3701 -0.7233 0.5830
vn 0.4813 -0.6758 0.5582
vn -0.4967 -0.6550 0.5694
vn -0.4395 -0.6736 0.5942
vn -0.3898 -0.6875 0.6127
vn -0.3390 -0.7023 0.6259
vn -0.2745 -0.7234 0.6335
vn -0.2102 -0.7322 0.6478
vn -0.1607 -0.7386 0.6547
vn -0.0925 -0.7463 0.6591
vn -0.0183 -0.7580 0.6520
vn 0.0524 -0.7645 0.6424
vn 0.1902 -0.7274 0.6593
vn 0.2563 -0.7198 0.6452
vn 0.3058 -0.7162 0.6273
vn 0.4226 -0.6801 0.5990
vn 0.5144 -0.6292 0.5826
vn -0.5428 -0.6137 0.5734
vn 0.0022 0.7198 -0.6942
vn -0.1509 0.7199 -0.6775
vn 0.2301 0.5681 -0.7901
vn 0.2392 0.6081 -0.7569
vn 0.1752 0.7320 -0.6584
vn -0.4371 0.6791 -0.5897
vn -0.5257 0.6410 -0.5593
vn 0.2011 0.6996 -0.6856
vn 0.1108 0.7745 -0.6228
vn 0.0110 0.7859 -0.6182
vn 0.1427 0.6764 -0.7226
vn -0.0628 0.8051 -0.5899
vn -0.1343 0.8020 -0.5820
vn -0.1960 0.7926 -0.5774
vn -0.2939 0.7555 -0.5855
vn 0.1105 0.8246 -0.5549
vn 0.1127 0.7313 -0.6727
vn -0.5367 0.6796 -0.5001
vn 0.1529 0.4648 -0.8721
vn 0.1452 0.5488 -0.8232
vn -0.3468 0.7815 -0.5186
vn -0.4140 0.7565 -0.5063
vn 0.0847 0.2971 -0.9511
vn 0.0416 0.3765 -0.9255
vn 0.0200 0.4620 -0.8867
vn 0.0473 0.5383 -0.8414
vn 0.0824 0.6191 -0.7810
vn 0.0525 0.7810 -0.6224
vn 0.1275 0.8105 -0.5716
vn -0.0064 0.1771 -0.9842
vn -0.1113 0.2846 -0.9522
vn -0.1365 0.3987 -0.9069
vn -0.0910 0.5007 -0.8608
vn -0.0162 0.5992 -0.8005
vn 0.1071 0.8559 -0.5060
vn -0.4795 0.7522 -0.4520
vn -0.5992 0.6567 -0.4579
vn -0.2710 0.3564 -0.8942
vn -0.2495 0.4633 -0.8504
vn -0.1742 0.5661 -0.8057
vn -0.0281 0.6692 -0.7425
vn 0.0359 0.8364 -0.5469
vn -0.0274 0.8685 -0.4950
vn -0.0458 0.1399 -0.9891
vn -0.1891 0.2556 -0.9481
vn -0.3603 0.4540 -0.8149
vn -0.3024 0.5661 -0.7668
vn -0.1388 0.6704 -0.7289
vn 0.0836 0.8861 -0.4558
vn -0.1646 0.8662 -0.4719
vn -0.2264 0.8539 -0.4685
vn -0.3049 0.8380 -0.4526
vn -0.6073 0.6855 -0.4017
vn 0.0193 0.2676 -0.9633
vn -0.1427 0.3762 -0.9155
vn -0.2973 0.4391 -0.8478
vn -0.4007 0.5143 -0.7582
vn -0.4099 0.5830 -0.7015
vn -0.2889 0.6586 -0.6948
vn -0.0941 0.7172 -0.6905
vn -0.0566 0.8412 -0.5377
vn 0.0736 0.8733 -0.4816
vn 0.1415 0.8789 -0.4554
vn -0.0653 0.8954 -0.4405
vn 0.1387 0.4563 -0.8790
vn -0.0385 0.5495 -0.8346
vn -0.2370 0.5984 -0.7653
vn -0.3993 0.6293 -0.6668
vn -0.3634 0.7011 -0.6135
vn -0.1518 0.7724 -0.6168
vn -0.0073 0.8861 -0.4634
vn -0.3531 0.8527 -0.3850
vn -0.4904 0.7884 -0.3715
vn 0.2426 0.6051 -0.7582
vn 0.0791 0.6921 -0.7175
vn -0.1348 0.7371 -0.6622
vn -0.3543 0.7436 -0.5670
vn -0.3834 0.7537 -0.5339
vn -0.1126 0.8848 -0.4521
vn -0.0311 0.9038 -0.4267
vn 0.1353 0.9129 -0.3851
vn -0.5675 0.7475 -0.3451
vn 0.3182 0.7074 -0.6312
vn 0.1683 0.7864 -0.5943
vn -0.0378 0.8413 -0.5392
vn -0.2884 0.8445 -0.4512
vn -0.3477 0.8237 -0.4480
vn -0.1744 0.8175 -0.5488
vn 0.1288 0.9134 -0.3862
vn -0.0371 0.9287 -0.3689
vn -0.1391 0.9231 -0.3586
vn -0.2049 0.9122 -0.3549
vn -0.2846 0.8954 -0.3426
vn 0.4014 0.7808 -0.4788
vn 0.2322 0.8588 -0.4567
vn 0.0324 0.9176 -0.3961
vn -0.2090 0.9238 -0.3210
vn -0.2962 0.8827 -0.3648
vn -0.1692 0.8548 -0.4906
vn -0.0181 0.9277 -0.3729
vn 0.1141 0.9355 -0.3343
vn -0.4331 0.8366 -0.3355
vn 0.5032 0.8267 -0.2518
vn 0.2972 0.9193 -0.2581
vn 0.0867 0.9726 -0.2159
vn -0.1320 0.9744 -0.1821
vn -0.2289 0.9168 -0.3273
vn -0.1467 0.8697 -0.4713
vn 0.1107 0.9399 -0.3230
vn 0.0044 0.9436 -0.3311
vn -0.5728 0.7681 -0.2864
vn -0.6663 0.6854 -0.2938
vn 0.5804 0.8137 0.0328
vn 0.3619 0.9322 -0.0038
vn 0.1450 0.9893 -0.0131
vn -0.0318 0.9990 -0.0310
vn -0.1586 0.9736 -0.1645
vn -0.1187 0.9384 -0.3245
vn -0.0535 0.8926 -0.4477
vn -0.1744 0.9154 -0.3629
vn 0.6141 0.7493 0.2476
vn 0.4189 0.8856 0.2004
vn 0.2234 0.9659 0.1312
vn 0.0725 0.9972 0.0169
vn 0.0025 0.9883 -0.1526
vn 0.0015 0.9416 -0.3368
vn -0.0954 0.8874 -0.4511
vn -0.1780 0.9335 -0.3112
vn -0.0812 0.9512 -0.2978
vn 0.0824 0.9533 -0.2906
vn -0.3048 0.9144 -0.2666
vn -0.4504 0.8503 -0.2723
vn 0.6538 0.7166 0.2430
vn 0.4944 0.8430 0.2120
vn 0.3351 0.9356 0.1111
vn 0.2107 0.9765 -0.0453
vn 0.1436 0.9636 -0.2255
vn 0.0868 0.9280 -0.3622
vn 0.0529 0.9636 -0.2619
vn 0.1181 0.9586 -0.2590
vn -0.1501 0.9564 -0.2507
vn -0.3591 0.9019 -0.2399
vn -0.4573 0.8635 -0.2127
vn 0.6848 0.7285 -0.0191
vn 0.5747 0.8183 0.0109
vn 0.4533 0.8886 -0.0703
vn 0.3435 0.9213 -0.1820
vn 0.2435 0.9251 -0.2914
vn -0.0787 0.9232 -0.3762
vn -0.2039 0.9172 -0.3424
vn -0.0211 0.9727 -0.2311
vn -0.0800 0.9705 -0.2274
vn -0.2333 0.9462 -0.2241
vn -0.5819 0.7862 -0.2080
vn -0.6337 0.7476 -0.1987
vn -0.6791 0.7022 -0.2138
vn 0.6102 0.7686 -0.1923
vn 0.5058 0.8365 -0.2108
vn 0.1024 0.9261 -0.3631
vn 0.0098 0.9374 -0.3482
vn 0.1481 0.9656 -0.2136
vn 0.1872 0.9596 -0.2100
vn 0.0376 0.9783 -0.2037
vn -0.5345 0.8245 -0.1857
vn 0.2454 0.9193 -0.3076
vn 0.1337 0.9433 -0.3038
vn -0.2643 0.9401 -0.2154
vn -0.1592 0.9628 -0.2181
vn -0.2396 0.9573 -0.1618
vn -0.4455 0.8858 -0.1301
vn -0.2162 0.9626 -0.1631
vn -0.0450 0.9841 -0.1719
vn 0.1218 0.9829 -0.1382
vn 0.1519 0.9791 -0.1351
vn 0.0764 0.9870 -0.1413
vn -0.3660 0.9215 -0.1301
vn 0.6271 0.7507 -0.2075
vn 0.5316 0.8244 -0.1942
vn 0.3835 0.8947 -0.2290
vn 0.2705 0.9397 -0.2091
vn 0.1629 0.9642 -0.2092
vn 0.0539 0.9733 -0.2230
vn -0.0425 0.9718 -0.2320
vn -0.1201 0.9622 -0.2446
vn -0.2227 0.9481 -0.2269
vn 0.0320 0.9940 -0.1045
vn -0.6288 0.7716 -0.0958
vn -0.6761 0.7292 -0.1053
vn 0.6323 0.7637 -0.1298
vn 0.4973 0.8547 -0.1489
vn 0.3964 0.9047 -0.1559
vn -0.1144 0.9876 -0.1077
vn -0.1713 0.9797 -0.1037
vn -0.3106 0.9450 -0.1020
vn -0.5528 0.8269 -0.1033
vn 0.6346 0.7679 -0.0872
vn -0.1071 0.9827 -0.1508
vn -0.2388 0.9607 -0.1413
vn -0.0484 0.9955 -0.0817
vn 0.6415 0.7661 -0.0382
vn 0.4124 0.9076 -0.0793
vn 0.2917 0.9509 -0.1033
vn -0.4502 0.8918 -0.0448
vn 0.5290 0.8484 -0.0206
vn 0.4284 0.9035 -0.0146
vn 0.3206 0.9469 -0.0221
vn 0.2128 0.9753 -0.0590
vn 0.1116 0.9906 -0.0785
vn 0.0164 0.9960 -0.0876
vn -0.1091 0.9898 -0.0912
vn -0.2507 0.9645 -0.0829
vn -0.0969 0.9905 -0.0977
vn 0.0851 0.9913 -0.1008
vn 0.1848 0.9814 -0.0522
vn -0.2209 0.9751 -0.0210
vn -0.3122 0.9496 -0.0265
vn -0.5525 0.8332 -0.0205
vn -0.6755 0.7370 -0.0238
vn 0.7267 0.6852 0.0495
vn 0.6544 0.7551 0.0393
vn -0.1052 0.9940 -0.0309
vn -0.1177 0.9923 -0.0386
vn 0.0150 0.9996 -0.0259
vn 0.1565 0.9870 -0.0367
vn 0.1412 0.9899 0.0105
vn 0.1029 0.9947 0.0036
vn -0.0281 0.9996 -0.0027
vn -0.2597 0.9652 -0.0309
vn -0.0999 0.9939 0.0464
vn -0.1667 0.9850 0.0450
vn -0.6472 0.7620 0.0226
vn 0.6570 0.7449 0.1163
vn 0.5384 0.8397 0.0703
vn 0.4315 0.9001 0.0606
vn 0.3382 0.9391 0.0611
vn 0.2397 0.9698 0.0457
vn 0.1331 0.9900 0.0471
vn 0.0331 0.9985 0.0426
vn -0.0969 0.9947 0.0351
vn 0.0454 0.9976 0.0528
vn -0.3416 0.9391 0.0363
vn -0.4439 0.8949 0.0459
vn 0.5388 0.8311 0.1375
vn 0.4344 0.8906 0.1347
vn -0.0887 0.9925 0.0846
vn -0.2680 0.9633 0.0166
vn -0.1432 0.9894 0.0245
vn -0.0044 0.9994 0.0333
vn 0.1307 0.9910 0.0281
vn -0.5806 0.8124 0.0529
vn -0.6899 0.7183 0.0898
vn 0.3301 0.9335 0.1401
vn 0.2416 0.9612 0.1333
vn 0.1417 0.9818 0.1265
vn 0.1039 0.9915 0.0778
vn -0.2143 0.9704 0.1112
vn 0.6601 0.7345 0.1573
vn 0.1489 0.9719 0.1825
vn 0.0416 0.9861 0.1606
vn -0.0748 0.9845 0.1586
vn -0.2356 0.9666 0.1008
vn -0.3319 0.9343 0.1303
vn -0.4427 0.8889 0.1175
vn -0.5736 0.8098 0.1232
vn 0.6884 0.6851 0.2382
vn -0.2703 0.9596 0.0781
vn 0.0378 0.9872 0.1550
vn -0.0508 0.9872 0.1509
vn -0.2296 0.9519 0.2031
vn -0.2538 0.9572 0.1387
vn -0.1280 0.9837 0.1262
vn -0.0167 0.9915 0.1293
vn 0.0734 0.9844 0.1601
vn 0.0953 0.9781 0.1848
vn -0.2114 0.9621 0.1721
vn -0.5258 0.8342 0.1663
vn 0.7102 0.6679 0.2228
vn 0.6501 0.7522 0.1077
vn 0.5561 0.8300 0.0429
vn 0.4205 0.9067 0.0335
vn 0.2851 0.9551 0.0810
vn 0.1699 0.9707 0.1698
vn 0.0087 0.9674 0.2530
vn -0.0735 0.9666 0.2456
vn -0.1663 0.9552 0.2449
vn -0.2321 0.9491 0.2127
vn 0.7823 0.6178 0.0795
vn 0.7148 0.6941 -0.0853
vn 0.5574 0.8144 -0.1615
vn 0.3644 0.9162 -0.1667
vn 0.1814 0.9775 -0.1072
vn 0.0653 0.9974 0.0306
vn 0.0087 0.9796 0.2010
vn -0.0699 0.9736 0.2173
vn -0.1237 0.9706 0.2064
vn -0.3327 0.9210 0.2025
vn -0.4263 0.8814 0.2037
vn -0.6138 0.7650 0.1948
vn -0.6826 0.7082 0.1803
vn 0.8293 0.5426 0.1337
vn 0.8503 0.5195 -0.0846
vn -0.0462 0.9938 -0.1013
vn -0.1208 0.9885 0.0906
vn -0.1701 0.9356 0.3095
vn -0.3833 0.8907 0.2442
vn -0.4867 0.8412 0.2354
vn 0.9215 0.3865 0.0384
vn 0.8826 0.4674 -0.0507
vn 0.7567 0.6466 -0.0967
vn 0.5544 0.8248 -0.1110
vn 0.3174 0.9410 -0.1177
vn 0.0837 0.9888 -0.1236
vn -0.1332 0.9852 -0.1082
vn -0.2761 0.9600 -0.0462
vn -0.2065 0.9593 0.1925
vn -0.1261 0.9362 0.3280
vn -0.1925 0.9073 0.3738
vn -0.1917 0.9382 0.2880
vn -0.0820 0.9666 0.2429
vn 0.0570 0.9658 0.2531
vn -0.1562 0.9487 0.2749
vn -0.2260 0.9395 0.2574
vn 0.9503 0.2915 0.1093
vn 0.9091 0.4073 0.0873
vn 0.7600 0.6406 0.1100
vn 0.5384 0.8324 0.1308
vn 0.2951 0.9488 0.1122
vn 0.0471 0.9975 0.0521
vn -0.1983 0.9801 -0.0113
vn -0.3680 0.9298 -0.0029
vn -0.3627 0.9205 0.1452
vn -0.2438 0.9062 0.3454
vn -0.0515 0.9451 0.3228
vn 0.0516 0.9547 0.2931
vn -0.2884 0.9166 0.2770
vn -0.4758 0.8311 0.2878
vn 0.9491 0.2007 0.2429
vn 0.8849 0.3748 0.2764
vn 0.7172 0.6172 0.3235
vn 0.5020 0.7942 0.3424
vn 0.2840 0.9061 0.3136
vn 0.0414 0.9705 0.2376
vn -0.2332 0.9624 0.1389
vn -0.4480 0.8905 0.0797
vn -0.4858 0.8608 0.1517
vn -0.3315 0.8783 0.3445
vn -0.0393 0.9506 0.3078
vn -0.6031 0.7442 0.2869
vn -0.6619 0.6861 0.3019
vn 0.9115 0.1333 0.3891
vn 0.8320 0.3321 0.4444
vn 0.6668 0.5664 0.4843
vn 0.4752 0.7371 0.4805
vn 0.2759 0.8511 0.4466
vn 0.0234 0.9212 0.3884
vn -0.2754 0.9144 0.2968
vn -0.5072 0.8361 0.2091
vn -0.5716 0.7937 0.2080
vn -0.4026 0.8429 0.3570
vn -0.1673 0.9116 0.3755
vn 0.0943 0.9327 0.3480
vn -0.0547 0.9289 0.3662
vn -0.1597 0.9209 0.3557
vn 0.8496 0.0670 0.5231
vn 0.7701 0.2556 0.5845
vn 0.6258 0.4794 0.6153
vn 0.4544 0.6539 0.6049
vn 0.2417 0.7762 0.5824
vn -0.0372 0.8394 0.5422
vn -0.3420 0.8219 0.4556
vn -0.5591 0.7479 0.3577
vn -0.4736 0.7751 0.4183
vn -0.2279 0.8410 0.4908
vn -0.0279 0.9186 0.3942
vn 0.0234 0.9205 0.3900
vn 0.0887 0.9282 0.3613
vn -0.5549 0.7708 0.3129
vn 0.7704 -0.0004 0.6376
vn 0.6957 0.1506 0.7024
vn 0.5689 0.3484 0.7450
vn 0.3962 0.5153 0.7600
vn 0.1560 0.6364 0.7554
vn -0.1360 0.6921 0.7089
vn -0.4219 0.6737 0.6067
vn -0.6082 0.6210 0.4943
vn -0.6369 0.6230 0.4541
vn -0.4457 0.7331 0.5137
vn -0.2083 0.7997 0.5631
vn -0.1028 0.8895 0.4453
vn -0.2220 0.8993 0.3769
vn -0.2834 0.8854 0.3685
vn -0.3469 0.8613 0.3713
vn -0.3813 0.8478 0.3686
vn 0.6705 -0.0561 0.7398
vn 0.6018 0.0313 0.7980
vn 0.4674 0.1795 0.8656
vn 0.2830 0.3246 0.9025
vn 0.0352 0.4330 0.9007
vn -0.2417 0.4863 0.8397
vn -0.4849 0.4888 0.7252
vn -0.6226 0.4912 0.6092
vn -0.5847 0.5760 0.5712
vn -0.3777 0.7087 0.5959
vn -0.1459 0.8476 0.5103
vn -0.4380 0.8192 0.3703
vn -0.5481 0.7454 0.3796
vn 0.5641 -0.0531 0.8240
vn 0.4761 -0.0658 0.8769
vn 0.3301 0.0132 0.9438
vn 0.1349 0.1197 0.9836
vn -0.0945 0.2043 0.9743
vn -0.3104 0.2641 0.9132
vn -0.4925 0.3219 0.8086
vn -0.5678 0.4091 0.7143
vn -0.4698 0.5617 0.6810
vn -0.2699 0.7058 0.6549
vn -0.1463 0.7721 0.6184
vn -0.0934 0.8262 0.5556
vn -0.0121 0.8544 0.5195
vn 0.0925 0.8781 0.4695
vn -0.0675 0.8968 0.4373
vn 0.4637 0.0530 0.8844
vn 0.3572 -0.0603 0.9321
vn 0.2112 -0.0641 0.9753
vn 0.0301 0.0056 0.9995
vn -0.4424 0.2648 0.8569
vn -0.4339 0.4204 0.7969
vn -0.3071 0.5876 0.7486
vn -0.1553 0.7071 0.6898
vn -0.0478 0.7995 0.5987
vn 0.0599 0.8553 0.5147
vn 0.0216 0.8902 0.4550
vn -0.4569 0.7825 0.4230
vn -0.6421 0.6532 0.4013
vn 0.3798 0.2471 0.8914
vn 0.2895 0.1010 0.9518
vn 0.1562 0.0286 0.9873
vn 0.0087 0.0398 0.9992
vn -0.1412 0.1075 0.9841
vn -0.2635 0.2154 0.9403
vn -0.3059 0.3545 0.8836
vn -0.2458 0.5102 0.8242
vn -0.1492 0.6318 0.7606
vn -0.0927 0.7044 0.7037
vn -0.1193 0.8703 0.4779
vn -0.1951 0.8634 0.4652
vn -0.2612 0.8411 0.4736
vn -0.3150 0.8268 0.4660
vn 0.2890 0.4051 0.8674
vn 0.2105 0.3392 0.9169
vn 0.1421 0.2842 0.9482
vn 0.0420 0.2252 0.9734
vn -0.0424 0.2785 0.9595
vn -0.1020 0.4101 0.9063
vn -0.1015 0.5237 0.8458
vn -0.0712 0.5899 0.8044
vn -0.0472 0.6422 0.7651
vn -0.0107 0.7811 0.6243
vn 0.0797 0.8697 0.4870
vn -0.4459 0.7611 0.4711
vn -0.5820 0.6844 0.4392
vn 0.1140 0.4400 0.8908
vn 0.0459 0.4835 0.8742
vn 0.0189 0.5514 0.8340
vn -0.0271 0.7208 0.6926
vn 0.0684 0.7624 0.6435
vn 0.1084 0.8120 0.5735
vn -0.0905 0.8344 0.5436
vn -0.3484 0.7894 0.5054
vn 0.0105 0.6726 0.7400
vn 0.1336 0.7383 0.6611
vn 0.1362 0.7025 0.6985
vn 0.1106 0.8127 0.5722
vn 0.0312 0.8173 0.5753
vn -0.0421 0.8129 0.5809
vn -0.1588 0.7967 0.5831
vn -0.2124 0.7947 0.5687
vn -0.4744 0.7191 0.5078
vn 0.0421 0.5855 0.8096
vn 0.0542 0.6281 0.7762
vn -0.5709 0.6554 0.4945
vn -0.2532 0.7514 0.6094
vn -0.3110 0.7386 0.5981
vn -0.3699 0.7184 0.5892
vn -0.4329 0.7000 0.5679
vn 0.1063 0.5441 0.8323
vn 0.1638 0.5305 0.8317
vn 0.1787 0.6341 0.7523
vn -0.0429 0.7573 0.6517
vn -0.4510 0.6582 0.6029
vn -0.5621 0.6127 0.5556
vn 0.2571 0.6143 0.7460
vn 0.1565 0.7415 0.6525
vn 0.0761 0.7540 0.6524
vn -0.1062 0.7417 0.6623
vn -0.5096 0.6149 0.6019
vn 0.2307 0.4924 0.8392
vn 0.2832 0.5606 0.7781
vn 0.0146 0.7312 0.6820
vn 0.5996 -0.6791 -0.4234
vn 0.5351 -0.8002 -0.2709
vn 0.5953 -0.7665 -0.2412
vn 0.7196 -0.6065 -0.3382
vn 0.8173 -0.3908 -0.4235
vn 0.8702 -0.1421 -0.4717
vn 0.8728 0.1175 -0.4738
vn 0.8244 0.3673 -0.4307
vn 0.7316 0.5815 -0.3559
vn 0.6171 0.7280 -0.2986
vn 0.6106 0.6846 -0.3981
vn 0.7011 0.3781 -0.6046
vn 0.6868 -0.5209 -0.5068
vn 0.6110 -0.7453 -0.2668
vn 0.6626 -0.7353 -0.1421
vn 0.7852 -0.5909 -0.1855
vn 0.8898 -0.3831 -0.2480
vn 0.9481 -0.1375 -0.2867
vn 0.9497 0.1205 -0.2891
vn 0.8951 0.3650 -0.2561
vn 0.7984 0.5656 -0.2064
vn 0.6970 0.6916 -0.1892
vn 0.6532 0.7216 -0.2295
vn 0.7003 0.5942 -0.3958
vn 0.7318 0.3169 -0.6034
vn 0.7233 -0.4314 -0.5392
vn 0.6958 -0.6484 -0.3090
vn 0.6664 -0.7338 -0.1320
vn 0.7398 -0.6719 -0.0362
vn 0.8373 -0.5459 -0.0295
vn 0.9338 -0.3532 -0.0577
vn 0.9881 -0.1260 -0.0882
vn 0.9897 0.1171 -0.0818
vn 0.9405 0.3339 -0.0634
vn 0.8548 0.5147 -0.0671
vn 0.7695 0.6294 -0.1083
vn 0.7457 0.6249 -0.2310
vn 0.7740 0.4717 -0.4224
vn 0.7657 0.2314 -0.6002
vn 0.6747 -0.4807 -0.5601
vn 0.7215 -0.3528 -0.5958
vn 0.7414 -0.3555 -0.5691
vn 0.7768 -0.4961 -0.3879
vn 0.7760 -0.6039 -0.1819
vn 0.8021 -0.5966 -0.0262
vn 0.8682 -0.4943 0.0443
vn 0.9458 -0.3189 0.0607
vn 0.9924 -0.1107 0.0544
vn 0.9927 0.1095 0.0509
vn 0.8912 0.4535 -0.0118
vn 0.8404 0.5296 -0.1153
vn 0.8255 0.4780 -0.3001
vn 0.8137 0.2966 -0.5000
vn 0.6535 0.1538 -0.7411
vn 0.5673 0.1558 -0.8086
vn 0.6217 -0.5891 -0.5162
vn 0.7871 -0.2754 -0.5519
vn 0.8204 -0.3437 -0.4569
vn 0.8360 -0.4665 -0.2889
vn 0.8686 -0.4793 -0.1259
vn 0.9080 -0.4189 -0.0001
vn 0.9549 -0.2883 0.0715
vn 0.9603 0.2784 0.0178
vn 0.9281 0.3656 -0.0701
vn 0.8929 0.4058 -0.1950
vn 0.8666 0.2738 -0.4172
vn 0.8249 0.1556 -0.5434
vn 0.6790 -0.5312 -0.5068
vn 0.7341 -0.4125 -0.5393
vn 0.7750 -0.2932 -0.5599
vn 0.8519 -0.3138 -0.4194
vn 0.8836 -0.3333 -0.3289
vn 0.9341 -0.3242 -0.1495
vn 0.9722 -0.2246 -0.0665
vn 0.9954 -0.0935 -0.0203
vn 0.9967 0.0704 -0.0401
vn 0.9758 0.1860 -0.1150
vn 0.9443 0.2473 -0.2170
vn 0.8947 0.1976 -0.4007
vn 0.9024 -0.2092 -0.3767
vn 0.9487 -0.1427 -0.2823
vn 0.9616 -0.0913 -0.2587
vn 0.9642 0.0051 -0.2650
vn 0.9505 0.0898 -0.2976
vn 0.8969 0.1183 -0.4262
vn 0.7504 0.1109 -0.6517
vn 0.6804 0.0496 -0.7311
vn 0.8712 -0.1491 -0.4677
vn 0.8942 -0.0194 -0.4473
vn 0.7968 0.0776 -0.5992
vn 0.3414 0.3231 -0.8827
vn 0.7581 -0.0438 -0.6507
vn 0.7248 -0.0760 -0.6848
vn 0.3345 0.2405 -0.9112
vn 0.2466 0.2264 -0.9423
vn 0.8664 0.0237 -0.4987
vn 0.8110 0.0246 -0.5845
vn 0.5549 0.1412 -0.8199
vn 0.5407 0.2085 -0.8149
vn 0.5133 0.2587 -0.8183
vn 0.4671 0.2516 -0.8476
vn 0.4071 0.1703 -0.8974
vn 0.3228 0.0747 -0.9435
vn 0.2160 0.0691 -0.9739
vn 0.7140 -0.5405 -0.4449
vn 0.7901 -0.4058 -0.4593
vn 0.8149 -0.0107 -0.5795
vn 0.7603 -0.1527 -0.6313
vn 0.5278 0.1323 -0.8390
vn 0.4273 -0.0072 -0.9041
vn 0.3224 -0.0722 -0.9439
vn 0.2021 -0.0511 -0.9780
vn 0.8364 -0.3201 -0.4449
vn 0.8575 -0.2572 -0.4456
vn 0.8782 -0.1415 -0.4569
vn 0.8052 -0.1348 -0.5775
vn 0.6003 0.0804 -0.7957
vn 0.5843 0.1336 -0.8004
vn 0.5355 -0.0669 -0.8419
vn 0.4511 -0.1734 -0.8755
vn 0.3339 -0.1751 -0.9262
vn 0.7004 -0.5940 -0.3956
vn 0.7621 -0.5137 -0.3941
vn 0.8095 -0.4346 -0.3948
vn 0.8612 0.0070 -0.5081
vn 0.6594 -0.0131 -0.7517
vn 0.6547 0.1085 -0.7481
vn 0.6393 0.2210 -0.7365
vn 0.6274 0.0537 -0.7769
vn 0.5986 -0.1930 -0.7775
vn 0.5125 -0.2634 -0.8173
vn 0.4071 -0.1799 -0.8955
vn 0.2830 -0.0236 -0.9588
vn 0.9074 -0.0794 -0.4128
vn 0.9119 -0.0084 -0.4103
vn 0.8807 -0.0486 -0.4711
vn 0.8245 -0.1538 -0.5446
vn 0.6716 0.1840 -0.7177
vn 0.7075 -0.1037 -0.6991
vn 0.6780 -0.2758 -0.6814
vn 0.6263 -0.2602 -0.7348
vn 0.5421 -0.1075 -0.8334
vn 0.4250 0.1119 -0.8982
vn 0.7164 -0.1130 -0.6885
vn 0.7161 0.0066 -0.6980
vn 0.7277 0.1485 -0.6697
vn 0.7213 0.2288 -0.6538
vn 0.7547 0.1560 -0.6372
vn 0.7957 -0.1354 -0.5904
vn 0.7623 -0.2063 -0.6135
vn 0.6896 -0.0036 -0.7242
vn 0.5549 0.2505 -0.7933
vn 0.7340 -0.5981 -0.3217
vn 0.7859 -0.5347 -0.3106
vn 0.8970 -0.2483 -0.3658
vn 0.9089 -0.0368 -0.4153
vn 0.8355 -0.2116 -0.5072
vn 0.7630 0.0437 -0.6449
vn 0.7613 0.1256 -0.6361
vn 0.8207 0.1711 -0.5452
vn 0.8805 -0.1044 -0.4624
vn 0.8822 -0.1393 -0.4499
vn 0.8298 0.0865 -0.5514
vn 0.6877 0.3540 -0.6338
vn 0.7034 -0.6405 -0.3082
vn 0.9378 -0.0922 -0.3346
vn 0.7705 -0.1715 -0.6139
vn 0.7856 -0.0789 -0.6137
vn 0.7947 0.0035 -0.6070
vn 0.7760 0.2788 -0.5658
vn 0.8562 0.2174 -0.4687
vn 0.9346 -0.0081 -0.3556
vn 0.9587 -0.1344 -0.2506
vn 0.9663 -0.0664 -0.2487
vn 0.9363 0.1470 -0.3190
vn 0.8136 0.4144 -0.4079
vn 0.8523 -0.4264 -0.3031
vn 0.8868 -0.3496 -0.3023
vn 0.9252 -0.0883 -0.3691
vn 0.8893 -0.1879 -0.4169
vn 0.8356 -0.3107 -0.4530
vn 0.8254 0.0227 -0.5640
vn 0.8243 0.1731 -0.5390
vn 0.8127 0.2580 -0.5225
vn 0.8564 0.3073 -0.4149
vn 0.9363 0.1720 -0.3062
vn 0.9930 -0.0150 -0.1172
vn 0.9982 0.0190 -0.0571
vn 0.9810 0.1826 -0.0649
vn 0.8951 0.4270 -0.1282
vn 0.7263 -0.6416 -0.2467
vn 0.9240 -0.2233 -0.3106
vn 0.9446 -0.1256 -0.3033
vn 0.8213 -0.2386 -0.5182
vn 0.8316 -0.1935 -0.5206
vn 0.8483 -0.1249 -0.5146
vn 0.8539 -0.0574 -0.5172
vn 0.8473 0.0503 -0.5288
vn 0.9559 0.2291 -0.1838
vn 0.9883 0.1508 0.0245
vn 0.9669 0.2265 0.1179
vn 0.9029 0.4087 0.1334
vn 0.9462 -0.0904 -0.3106
vn 0.8991 -0.2524 -0.3576
vn 0.8548 -0.3484 -0.3846
vn 0.8401 -0.2929 -0.4566
vn 0.8911 -0.0356 -0.4524
vn 0.8810 0.0767 -0.4669
vn 0.8683 0.1737 -0.4646
vn 0.8470 0.3086 -0.4329
vn 0.8806 0.3862 -0.2745
vn 0.9338 0.3457 -0.0923
vn 0.9414 0.3090 0.1353
vn 0.8799 0.4192 0.2236
vn 0.8013 -0.5426 -0.2522
vn 0.8686 -0.4386 -0.2307
vn 0.8977 -0.2997 -0.3230
vn 0.8735 0.4721 -0.1185
vn 0.8573 0.5110 0.0625
vn 0.9243 -0.3117 -0.2201
vn 0.9434 -0.2495 -0.2185
vn 0.9566 -0.1330 -0.2592
vn 0.9293 -0.2355 -0.2846
vn 0.8584 -0.3590 -0.3664
vn 0.8792 -0.2735 -0.3900
vn 0.9221 0.1116 -0.3706
vn 0.9084 0.2105 -0.3613
vn 0.8891 0.2895 -0.3545
vn 0.7960 0.5484 -0.2562
vn 0.7908 0.5861 -0.1763
vn 0.7711 -0.6051 -0.1980
vn 0.9627 -0.2066 -0.1747
vn 0.9717 -0.1482 -0.1841
vn 0.9621 -0.1606 -0.2206
vn 0.9105 -0.2184 -0.3511
vn 0.9220 -0.1344 -0.3630
vn 0.9319 -0.0332 -0.3611
vn 0.9381 0.0767 -0.3379
vn 0.8867 0.3607 -0.2891
vn 0.8575 0.4389 -0.2684
vn 0.8071 0.5328 -0.2546
vn 0.8168 -0.5532 -0.1637
vn 0.9811 -0.0924 -0.1702
vn 0.9249 -0.3092 -0.2211
vn 0.8885 -0.3859 -0.2482
vn 0.7146 -0.6856 -0.1390
vn 0.8801 -0.4484 -0.1562
vn 0.9805 -0.0889 -0.1754
vn 0.8926 -0.3561 -0.2764
vn 0.8017 0.5625 -0.2019
vn 0.7608 -0.6388 -0.1146
vn 0.8450 -0.5197 -0.1258
vn 0.9037 -0.4049 -0.1390
vn 0.9345 -0.3230 -0.1494
vn 0.9097 -0.3645 -0.1991
vn 0.9380 -0.2571 -0.2324
vn 0.9643 -0.1021 -0.2443
vn 0.9758 0.0123 -0.2183
vn 0.9674 0.1202 -0.2229
vn 0.9529 0.2084 -0.2202
vn 0.9311 0.2940 -0.2158
vn 0.9000 0.4105 -0.1468
vn 0.8703 0.4714 -0.1429
vn 0.9651 -0.2167 -0.1467
vn 0.9196 -0.3583 -0.1612
vn 0.9627 -0.1775 -0.2042
vn 0.9823 -0.0739 -0.1722
vn 0.8446 0.5208 -0.1240
vn 0.8083 0.5767 -0.1183
vn 0.7641 -0.6433 -0.0488
vn 0.8510 -0.5224 -0.0540
vn 0.9482 -0.3112 -0.0641
vn 0.9673 -0.2424 -0.0745
vn 0.9902 -0.1126 -0.0828
vn 0.9898 -0.1192 -0.0779
vn 0.9640 -0.2545 -0.0764
vn 0.9198 -0.3810 -0.0939
vn 0.9535 -0.2744 -0.1245
vn 0.9775 -0.1644 -0.1324
vn 0.9434 0.2986 -0.1442
vn 0.9003 0.4334 -0.0407
vn 0.8756 0.4819 -0.0333
vn 0.8383 0.5442 -0.0337
vn 0.8153 -0.5783 -0.0293
vn 0.9075 -0.4185 -0.0364
vn 0.9116 -0.3943 -0.1165
vn 0.9847 -0.1572 -0.0754
vn 0.9926 -0.0570 -0.1075
vn 0.9922 0.0369 -0.1187
vn 0.9855 0.1366 -0.1003
vn 0.9713 0.2145 -0.1024
vn 0.9434 0.3178 -0.0946
vn 0.8841 -0.4672 -0.0043
vn 0.9326 -0.3608 -0.0035
vn 0.9165 -0.3979 -0.0411
vn 0.9600 -0.2735 -0.0593
vn 0.9974 -0.0596 -0.0396
vn 0.9981 0.0337 -0.0514
vn 0.8143 0.5804 0.0010
vn 0.9765 -0.2152 -0.0130
vn 0.9936 -0.1126 -0.0070
vn 0.9591 -0.2827 -0.0109
vn 0.9205 -0.3901 -0.0227
vn 0.9167 -0.3990 0.0191
vn 0.9618 -0.2737 0.0071
vn 0.9875 -0.1570 -0.0165
vn 0.9905 0.1359 -0.0202
vn 0.9710 0.2391 -0.0037
vn 0.9465 0.3225 -0.0106
vn 0.9207 0.3899 -0.0180
vn 0.8733 0.4842 0.0540
vn 0.7436 -0.6686 0.0103
vn 0.9197 -0.3912 0.0340
vn 0.9995 0.0316 0.0092
vn 0.9899 0.1393 0.0259
vn 0.8483 0.5206 0.0968
vn 0.8201 0.5629 0.1032
vn 0.9385 -0.3414 0.0514
vn 0.9917 -0.1264 0.0216
vn 0.9625 -0.2662 0.0529
vn 0.9634 -0.2596 0.0671
vn 0.9841 -0.1562 0.0843
vn 0.9945 -0.0711 0.0771
vn 0.9964 0.0224 0.0820
vn 0.8192 -0.5714 0.0498
vn 0.9750 -0.2124 0.0650
vn 0.9951 -0.0781 0.0611
vn 0.9901 -0.1010 0.0977
vn 0.9637 -0.2409 0.1152
vn 0.9184 -0.3780 0.1165
vn 0.9090 -0.3990 0.1204
vn 0.9575 -0.2546 0.1358
vn 0.9861 0.1088 0.1252
vn 0.9669 0.2320 0.1062
vn 0.9264 0.3676 0.0822
vn 0.8973 0.4340 0.0811
vn 0.8758 -0.4788 0.0616
vn 0.9329 -0.3424 0.1117
vn 0.9729 -0.2056 0.1060
vn 0.9884 -0.0800 0.1293
vn 0.9461 0.2946 0.1349
vn 0.7393 -0.6640 0.1118
vn 0.7691 -0.6294 0.1113
vn 0.7989 -0.5891 0.1210
vn 0.8726 -0.4735 0.1200
vn 0.9159 -0.3582 0.1813
vn 0.9424 -0.2685 0.1992
vn 0.9432 0.2720 0.1905
vn 0.8666 -0.4664 0.1773
vn 0.9268 -0.3334 0.1731
vn 0.9832 -0.0854 0.1612
vn 0.9618 -0.2189 0.1644
vn 0.9668 -0.1116 0.2298
vn 0.9733 -0.0094 0.2292
vn 0.9721 0.0870 0.2180
vn 0.9115 0.3518 0.2130
vn 0.8918 0.4144 0.1815
vn 0.9599 -0.2210 0.1725
vn 0.9576 -0.1926 0.2141
vn 0.9267 -0.2940 0.2341
vn 0.8874 -0.3850 0.2537
vn 0.8745 -0.4042 0.2679
vn 0.8893 -0.3630 0.2783
vn 0.9116 -0.2884 0.2929
vn 0.8635 0.4725 0.1762
vn 0.8194 -0.5365 0.2019
vn 0.9667 -0.1655 0.1952
vn 0.9800 -0.0803 0.1819
vn 0.9679 -0.0455 0.2474
vn 0.9504 -0.1396 0.2779
vn 0.9358 -0.1536 0.3173
vn 0.9512 0.1280 0.2806
vn 0.9339 0.2342 0.2703
vn 0.9228 -0.2615 0.2829
vn 0.8818 -0.3502 0.3158
vn 0.9119 -0.1810 0.3684
vn 0.9288 -0.0495 0.3673
vn 0.9310 0.0242 0.3642
vn 0.9297 0.1095 0.3516
vn 0.8902 0.3646 0.2733
vn 0.8513 0.4568 0.2582
vn 0.8197 0.5119 0.2570
vn 0.7812 0.5625 0.2709
vn 0.9634 -0.0459 0.2640
vn 0.9056 0.2558 0.3384
vn 0.8785 0.3436 0.3319
vn 0.7345 -0.6411 0.2223
vn 0.9296 -0.1173 0.3495
vn 0.8866 -0.2635 0.3802
vn 0.8407 -0.3599 0.4046
vn 0.8281 -0.3659 0.4247
vn 0.8410 -0.3247 0.4328
vn 0.8594 -0.2745 0.4314
vn 0.8703 -0.2031 0.4487
vn 0.8834 -0.0972 0.4585
vn 0.9027 0.1397 0.4070
vn 0.8836 0.2351 0.4049
vn 0.7694 0.5591 0.3088
vn 0.8635 -0.4255 0.2707
vn 0.8911 -0.3519 0.2867
vn 0.9145 -0.2790 0.2931
vn 0.9343 -0.2074 0.2899
vn 0.9470 -0.1092 0.3022
vn 0.8880 0.0258 0.4592
vn 0.8759 0.1163 0.4683
vn 0.8457 0.3813 0.3734
vn 0.8010 0.4800 0.3577
vn 0.8122 0.4844 0.3251
vn 0.7203 -0.6296 0.2910
vn 0.7827 -0.5565 0.2787
vn 0.7873 -0.2994 0.5390
vn 0.8070 -0.2308 0.5435
vn 0.8495 -0.0798 0.5215
vn 0.8452 0.0065 0.5345
vn 0.8485 0.2564 0.4630
vn 0.8239 0.3432 0.4510
vn 0.7796 0.4720 0.4116
vn 0.8303 0.4110 0.3764
vn 0.7856 -0.1913 0.5885
vn 0.7951 -0.0924 0.5994
vn 0.8359 0.1326 0.5327
vn 0.8149 0.2272 0.5332
vn 0.7933 0.3859 0.4710
vn 0.7563 0.4582 0.4669
vn 0.8252 0.3355 0.4544
vn 0.9177 -0.0381 0.3953
vn 0.8727 -0.1869 0.4511
vn 0.8178 -0.2830 0.5012
vn 0.7987 0.0878 0.5952
vn 0.7279 0.4512 0.5163
vn 0.7177 0.4603 0.5226
vn 0.8092 0.2612 0.5263
vn 0.7845 -0.5213 0.3359
vn 0.8301 -0.4379 0.3452
vn 0.8793 -0.2917 0.3764
vn 0.9001 -0.1889 0.3926
vn 0.9165 -0.0984 0.3878
vn 0.8661 -0.1089 0.4878
vn 0.7882 -0.2710 0.5526
vn 0.7353 -0.2052 0.6459
vn 0.7764 0.0581 0.6275
vn 0.7693 0.2686 0.5796
vn 0.7465 0.3435 0.5699
vn 0.7055 0.4295 0.5637
vn 0.6680 0.4426 0.5983
vn 0.7454 0.2652 0.6116
vn 0.8655 -0.0696 0.4961
vn 0.7473 -0.0584 0.6619
vn 0.7287 0.0269 0.6843
vn 0.7274 0.1606 0.6671
vn 0.7101 0.2377 0.6627
vn 0.6660 0.4055 0.6262
vn 0.6698 0.2951 0.6814
vn 0.7546 -0.5114 0.4113
vn 0.9110 -0.0370 0.4107
vn 0.8553 -0.0034 0.5181
vn 0.7846 -0.2169 0.5808
vn 0.6897 -0.1732 0.7031
vn 0.6959 -0.0756 0.7141
vn 0.6613 0.3416 0.6678
vn 0.5845 0.3489 0.7326
vn 0.6726 -0.6157 0.4106
vn 0.7874 -0.1365 0.6012
vn 0.7319 -0.2239 0.6436
vn 0.6373 -0.1061 0.7633
vn 0.6457 -0.0277 0.7631
vn 0.6559 0.0256 0.7544
vn 0.6541 0.1265 0.7458
vn 0.6189 0.3057 0.7236
vn 0.5558 0.4288 0.7122
vn 0.8079 -0.3912 0.4407
vn 0.8235 -0.3385 0.4552
vn 0.8404 -0.2627 0.4741
vn 0.8551 -0.1993 0.4786
vn 0.8647 -0.1244 0.4866
vn 0.7906 -0.1035 0.6035
vn 0.6047 0.0798 0.7924
vn 0.5850 0.2668 0.7659
vn 0.7017 -0.5577 0.4434
vn 0.7642 -0.4404 0.4713
vn 0.8688 -0.0519 0.4925
vn 0.8689 0.0152 0.4948
vn 0.8065 0.0017 0.5912
vn 0.7329 -0.1269 0.6684
vn 0.6811 -0.1860 0.7082
vn 0.5648 -0.0406 0.8242
vn 0.5450 0.0355 0.8377
vn 0.5659 0.1685 0.8071
vn 0.5311 0.2297 0.8156
vn 0.5113 0.3341 0.7918
vn 0.4769 0.3678 0.7983
vn 0.4278 0.4155 0.8027
vn 0.8024 0.0599 0.5938
vn 0.7199 -0.0840 0.6889
vn 0.5006 0.1032 0.8595
vn 0.4544 0.2868 0.8434
vn 0.7417 0.0303 0.6700
vn 0.6499 -0.1002 0.7534
vn 0.4618 0.1315 0.8772
vn 0.3595 0.3678 0.8576
vn 0.7423 0.0815 0.6651
vn 0.4047 0.1960 0.8932
vn 0.3753 0.2584 0.8902
vn 0.3431 0.3079 0.8874
vn 0.8121 -0.1598 0.5613
vn 0.8128 -0.0560 0.5798
vn 0.8159 0.0198 0.5779
vn 0.6704 -0.0070 0.7420
vn 0.7981 0.1105 0.5923
vn 0.6464 0.0048 0.7630
vn 0.5662 -0.0162 0.8241
vn 0.2626 0.3107 0.9135
vn 0.6712 -0.5273 0.5211
vn 0.6938 -0.4764 0.5401
vn 0.7166 -0.4213 0.5559
vn 0.7401 -0.3343 0.5836
vn 0.7594 -0.2609 0.5961
vn 0.7778 -0.1876 0.5998
vn 0.7233 0.1625 0.6711
vn 0.6685 0.1222 0.7336
vn 0.7643 0.0973 0.6375
vn 0.6441 0.1445 0.7512
vn 0.5400 0.0769 0.8381
vn 0.6163 -0.5590 0.5547
vn 0.4742 0.0963 0.8751
vn 0.8395 -0.1063 0.5329
vn 0.8400 -0.0620 0.5390
vn 0.8107 0.0004 0.5855
vn 0.7254 0.1655 0.6682
vn 0.8175 -0.2282 0.5288
vn 0.8825 -0.2048 0.4235
vn 0.9370 -0.1729 0.3036
vn 0.9589 -0.0818 0.2718
vn 0.9560 0.0043 0.2934
vn 0.9209 0.0856 0.3803
vn 0.8698 0.1165 0.4795
vn 0.8230 0.1076 0.5578
vn 0.7651 0.0976 0.6365
vn 0.6069 0.2174 0.7645
vn 0.4726 0.1792 0.8629
vn 0.6331 -0.3994 0.6631
vn 0.7203 -0.3080 0.6215
vn 0.7739 -0.4182 0.4757
vn 0.8136 -0.5435 0.2068
vn 0.8608 -0.5027 0.0795
vn 0.9145 -0.4046 -0.0027
vn 0.9235 0.3757 0.0773
vn 0.8804 0.4305 0.1987
vn 0.8394 0.4098 0.3569
vn 0.7741 0.2582 0.5780
vn 0.7182 -0.4237 0.5519
vn 0.7365 -0.6022 0.3080
vn 0.7549 -0.6458 0.1143
vn 0.8107 -0.5842 0.0395
vn 0.8907 -0.4530 0.0380
vn 0.9582 -0.2799 0.0591
vn 0.9929 -0.0918 0.0755
vn 0.9910 0.1035 0.0844
vn 0.9540 0.2860 0.0896
vn 0.8900 0.4449 0.1001
vn 0.8245 0.5470 0.1452
vn 0.7914 0.5474 0.2719
vn 0.7727 0.4508 0.4468
vn 0.7425 0.2607 0.6170
vn 0.6734 0.1711 0.7193
vn 0.6499 0.2356 0.7226
vn 0.4961 0.3230 0.8060
vn 0.3583 0.2798 0.8907
vn 0.2685 0.3177 0.9094
vn 0.6934 -0.5483 0.4675
vn 0.6528 -0.7274 0.2116
vn 0.6802 -0.7244 0.1120
vn 0.7596 -0.6385 0.1240
vn 0.8493 -0.4946 0.1845
vn 0.9189 -0.3082 0.2464
vn 0.9542 -0.0978 0.2829
vn 0.9506 0.1228 0.2852
vn 0.9075 0.3319 0.2573
vn 0.8334 0.5077 0.2182
vn 0.7515 0.6251 0.2110
vn 0.7100 0.6572 0.2529
vn 0.7128 0.5786 0.3964
vn 0.7146 0.3611 0.5992
vn 0.6793 0.1867 0.7097
vn 0.6522 -0.4455 0.6134
vn 0.5960 -0.7222 0.3511
vn 0.5421 -0.8127 0.2138
vn 0.5961 -0.7781 0.1981
vn 0.6993 -0.6656 0.2606
vn 0.7837 -0.5051 0.3615
vn 0.8407 -0.3110 0.4432
vn 0.8677 -0.0975 0.4875
vn 0.8635 0.1255 0.4884
vn 0.8258 0.3434 0.4473
vn 0.7555 0.5357 0.3771
vn 0.6642 0.6747 0.3217
vn 0.6287 0.6735 0.3889
vn 0.6489 0.5023 0.5715
vn 0.6392 0.2839 0.7147
vn 0.4129 0.3705 0.8320
vn 0.5313 -0.5294 0.6614
vn 0.5364 -0.4687 0.7018
vn 0.5560 -0.4040 0.7263
vn 0.5963 -0.5347 0.5988
vn 0.5207 -0.7759 0.3562
vn 0.5334 -0.7966 0.2844
vn 0.6315 -0.6672 0.3950
vn 0.7008 -0.4937 0.5149
vn 0.7404 -0.2995 0.6018
vn 0.7568 -0.0917 0.6472
vn 0.7499 0.1252 0.6496
vn 0.7164 0.3419 0.6082
vn 0.6545 0.5418 0.5273
vn 0.5685 0.6990 0.4339
vn 0.5374 0.7227 0.4346
vn 0.5877 0.5748 0.5694
vn 0.5335 -0.6323 0.5618
vn 0.4479 -0.8125 0.3732
vn 0.4725 -0.8051 0.3587
vn 0.5635 -0.6555 0.5027
vn 0.6163 -0.4672 0.6340
vn 0.6391 -0.2742 0.7186
vn 0.6500 -0.0799 0.7557
vn 0.6369 0.1269 0.7604
vn 0.6049 0.3360 0.7220
vn 0.5494 0.5361 0.6409
vn 0.4738 0.7032 0.5301
vn 0.4454 0.7434 0.4990
vn 0.5182 0.6000 0.6095
vn 0.6015 0.3325 0.7264
vn 0.5748 0.2388 0.7827
vn 0.3465 0.4213 0.8382
vn 0.2827 0.4237 0.8605
vn 0.2299 0.4365 0.8698
vn 0.5515 -0.3524 0.7561
vn 0.5594 -0.3953 0.7286
vn 0.4917 -0.6402 0.5902
vn 0.3758 -0.8294 0.4134
vn 0.3894 -0.8111 0.4365
vn 0.4880 -0.6470 0.5859
vn 0.5509 -0.4501 0.7028
vn 0.5640 -0.2449 0.7887
vn 0.5493 -0.0544 0.8338
vn 0.5303 0.1370 0.8367
vn 0.4931 0.3381 0.8016
vn 0.4364 0.5324 0.7254
vn 0.3729 0.6946 0.6152
vn 0.3726 0.7415 0.5580
vn 0.5479 0.3510 0.7593
vn 0.4167 0.4557 0.7866
vn 0.4979 -0.5767 0.6477
vn 0.4480 -0.6366 0.6278
vn 0.3201 -0.8247 0.4663
vn 0.3032 -0.8101 0.5018
vn 0.3917 -0.6479 0.6533
vn 0.4737 -0.4438 0.7607
vn 0.5074 -0.2306 0.8303
vn 0.3309 0.7182 0.6122
vn 0.4318 0.5789 0.6917
vn 0.5053 0.3476 0.7898
vn 0.5267 0.3278 0.7843
vn 0.4716 -0.3658 0.8023
vn 0.4003 -0.5849 0.7054
vn 0.2542 -0.8013 0.5416
vn 0.2063 -0.8023 0.5602
vn 0.2720 -0.6532 0.7067
vn 0.3496 -0.4486 0.8225
vn 0.4093 -0.2328 0.8822
vn 0.4329 -0.0369 0.9007
vn 0.4157 0.1552 0.8962
vn 0.3726 0.3542 0.8578
vn 0.3109 0.5388 0.7830
vn 0.2562 0.6779 0.6891
vn 0.2810 0.6907 0.6663
vn 0.3366 0.5254 0.7814
vn 0.3646 -0.5093 0.7795
vn 0.2076 -0.7525 0.6250
vn 0.0743 -0.7713 0.6321
vn 0.1198 -0.6530 0.7479
vn 0.2036 -0.4649 0.8616
vn 0.2601 -0.2530 0.9319
vn 0.2866 -0.0428 0.9571
vn 0.2783 0.1658 0.9461
vn 0.2404 0.3688 0.8979
vn 0.1759 0.5477 0.8180
vn 0.1389 0.6581 0.7400
vn 0.2511 0.6520 0.7154
vn 0.3854 0.4846 0.7853
vn 0.4804 0.3009 0.8238
vn 0.4273 -0.5876 0.6871
vn 0.4623 -0.3723 0.8047
vn 0.3486 -0.4717 0.8099
vn 0.1810 -0.6761 0.7142
vn 0.0437 -0.7484 0.6618
vn -0.0156 -0.6428 0.7659
vn 0.0351 -0.4751 0.8793
vn 0.0819 -0.2724 0.9587
vn 0.1094 -0.0555 0.9924
vn 0.1086 0.1628 0.9807
vn 0.0857 0.3673 0.9261
vn 0.0610 0.5441 0.8368
vn 0.1287 0.6496 0.7493
vn 0.2442 0.5670 0.7867
vn 0.3730 0.3963 0.8389
vn 0.4510 -0.4927 0.7442
vn 0.2559 -0.5212 0.8142
vn 0.0484 -0.6790 0.7325
vn -0.1050 -0.6091 0.7861
vn -0.1375 -0.4592 0.8776
vn -0.1158 -0.2758 0.9542
vn -0.0883 -0.0666 0.9939
vn -0.0810 0.1487 0.9856
vn -0.0782 0.3446 0.9355
vn -0.0462 0.5077 0.8603
vn 0.0086 0.5803 0.8144
vn 0.1061 0.5567 0.8239
vn 0.2501 0.4524 0.8560
vn 0.3741 0.3057 0.8756
vn 0.4488 0.2185 0.8665
vn 0.4733 0.3139 0.8231
vn 0.3946 -0.5105 0.7640
vn 0.2999 -0.3960 0.8679
vn 0.0783 -0.5753 0.8142
vn -0.0782 -0.6009 0.7955
vn -0.2488 -0.2638 0.9319
vn -0.2417 -0.0757 0.9674
vn -0.2234 0.1131 0.9681
vn -0.1923 0.2917 0.9370
vn -0.1332 0.4241 0.8958
vn -0.0225 0.4750 0.8797
vn 0.1264 0.4387 0.8897
vn 0.2621 0.3480 0.9001
vn 0.3694 0.2327 0.8996
vn 0.4618 0.2204 0.8592
vn 0.2121 -0.3810 0.8999
vn -0.0124 -0.4783 0.8781
vn -0.1320 -0.4620 0.8770
vn -0.2080 -0.4111 0.8875
vn -0.2078 0.2318 0.9503
vn -0.1023 0.3192 0.9422
vn 0.0380 0.3458 0.9375
vn 0.1864 0.3040 0.9343
vn 0.3239 0.2281 0.9182
vn 0.4160 0.3641 0.8333
vn 0.3976 -0.4185 0.8166
vn 0.2024 -0.3344 0.9204
vn 0.0224 -0.3611 0.9322
vn -0.0860 -0.3213 0.9431
vn -0.1686 -0.2311 0.9582
vn -0.1949 -0.0906 0.9766
vn -0.1712 0.0452 0.9842
vn -0.0945 0.1476 0.9845
vn 0.0045 0.2127 0.9771
vn 0.1663 0.1874 0.9681
vn 0.2603 0.1498 0.9538
vn 0.3361 0.1314 0.9326
vn 0.4038 0.4593 0.7912
vn 0.3466 0.5326 0.7721
vn 0.2401 -0.2303 0.9430
vn 0.1523 -0.1957 0.9688
vn 0.0289 -0.1839 0.9825
vn 0.0235 -0.1029 0.9944
vn 0.0418 -0.0183 0.9990
vn 0.1320 0.0622 0.9893
vn 0.1787 0.1064 0.9781
vn 0.3785 0.2139 0.9006
vn 0.3735 0.2936 0.8799
vn 0.3418 0.4485 0.8258
vn 0.3394 -0.4078 0.8477
vn 0.2236 -0.1074 0.9688
vn 0.2462 -0.0221 0.9690
vn 0.3471 0.1364 0.9279
vn 0.3113 -0.6381 0.7043
vn 0.3431 -0.3183 0.8837
vn 0.3131 0.2948 0.9028
vn 0.2726 -0.6096 0.7443
vn 0.2942 -0.5283 0.7965
vn 0.2829 -0.1902 0.9401
vn 0.2825 0.3718 0.8843
vn 0.2896 0.4525 0.8434
vn 0.2890 0.5496 0.7838
vn 0.2597 0.6467 0.7172
vn 0.2236 -0.5292 0.8185
vn 0.2682 -0.3282 0.9057
vn 0.2645 -0.2341 0.9355
vn 0.2713 -0.0360 0.9618
vn 0.2757 0.1638 0.9472
vn 0.2608 0.2618 0.9292
vn 0.2568 -0.4351 0.8630
vn 0.2325 -0.1196 0.9652
vn 0.1843 -0.6220 0.7610
vn 0.2325 0.0939 0.9680
vn 0.2206 0.4744 0.8522
vn 0.2030 0.5530 0.8081
vn 0.2116 0.6454 0.7340
vn 0.2132 -0.4365 0.8741
vn 0.2096 -0.3373 0.9178
vn 0.2110 0.0169 0.9773
vn 0.1937 0.3818 0.9037
vn 0.1504 0.4789 0.8649
vn 0.1778 0.6020 0.7784
vn 0.1676 -0.5303 0.8311
vn 0.1474 -0.4350 0.8883
vn 0.1359 -0.3312 0.9337
vn 0.1627 -0.2369 0.9578
vn 0.1696 0.1706 0.9706
vn 0.1746 0.2613 0.9493
vn 0.1562 0.3263 0.9323
vn 0.1350 -0.0165 0.9907
vn 0.1087 0.1706 0.9793
vn 0.1056 0.6038 0.7901
vn 0.1103 -0.6116 0.7835
vn 0.1045 -0.5355 0.8380
vn 0.1100 -0.1962 0.9744
vn 0.1023 -0.1279 0.9865
vn 0.1036 -0.0711 0.9921
vn 0.0990 0.0597 0.9933
vn 0.0815 0.1224 0.9891
vn 0.0969 0.4778 0.8731
vn 0.0866 0.6772 0.7307
vn 0.0630 -0.4299 0.9007
vn 0.0757 0.3196 0.9445
vn 0.0679 0.4014 0.9134
vn 0.0706 -0.6885 0.7218
vn 0.0455 -0.3541 0.9341
vn 0.0558 0.5903 0.8053
vn 0.0065 -0.6774 0.7356
vn 0.0332 -0.6128 0.7896
vn 0.0331 -0.4930 0.8694
vn 0.0175 -0.3166 0.9484
vn 0.0227 -0.1922 0.9811
vn 0.0163 -0.0751 0.9970
vn 0.0314 0.0296 0.9991
vn 0.0246 0.2883 0.9572
vn 0.0362 0.5051 0.8623
vn 0.0181 0.6840 0.7293
vn 0.0121 0.2282 0.9735
vn -0.0207 -0.5770 0.8165
vn -0.0307 -0.4901 0.8711
vn -0.0368 -0.3343 0.9417
vn -0.0240 0.0333 0.9992
vn -0.0183 0.1210 0.9925
vn -0.0268 0.3988 0.9166
vn -0.0256 0.5943 0.8038
vn -0.0234 0.6597 0.7512
vn -0.0400 0.1815 0.9826
vn -0.0366 0.4843 0.8741
vn -0.0696 -0.6503 0.7565
vn -0.0831 -0.5920 0.8016
vn -0.0799 -0.2736 0.9585
vn -0.0406 -0.1776 0.9833
vn -0.0725 -0.0912 0.9932
vn -0.0803 -0.0414 0.9959
vn -0.0893 0.0390 0.9952
vn -0.0676 0.3107 0.9481
vn -0.0836 0.3776 0.9222
vn -0.1059 0.4848 0.8682
vn -0.0880 0.5694 0.8173
vn -0.0931 -0.4728 0.8762
vn -0.1208 -0.1758 0.9770
vn -0.1057 0.1764 0.9786
vn -0.1243 -0.6636 0.7377
vn -0.1178 0.2689 0.9559
vn -0.1082 0.6541 0.7487
vn -0.1373 -0.4328 0.8910
vn -0.1277 -0.3826 0.9151
vn -0.1478 -0.3148 0.9376
vn -0.1491 -0.5504 0.8215
vn -0.1803 -0.1633 0.9699
vn -0.1741 -0.0482 0.9835
vn -0.1701 0.0731 0.9827
vn -0.1671 0.1264 0.9778
vn -0.1777 0.2648 0.9478
vn -0.1526 0.3747 0.9145
vn -0.2048 -0.0068 0.9788
vn -0.1679 0.4782 0.8620
vn -0.1543 0.6011 0.7842
vn -0.1878 -0.6387 0.7462
vn -0.1959 -0.5429 0.8166
vn -0.2309 -0.1940 0.9534
vn -0.2317 0.1567 0.9601
vn -0.2299 0.2555 0.9391
vn -0.2129 0.3686 0.9049
vn -0.2001 0.5971 0.7768
vn -0.2217 -0.4306 0.8749
vn -0.2325 -0.3011 0.9248
vn -0.2429 -0.5346 0.8095
vn -0.2879 -0.1563 0.9448
vn -0.2726 -0.0276 0.9617
vn -0.2442 0.4695 0.8485
vn -0.2504 0.5507 0.7962
vn -0.2605 0.6445 0.7189
vn -0.2622 -0.6175 0.7415
vn -0.2863 -0.4269 0.8578
vn -0.2850 -0.3226 0.9026
vn -0.3056 0.0162 0.9520
vn -0.3030 0.4585 0.8355
vn -0.2861 -0.6410 0.7122
vn -0.3124 -0.5302 0.7882
vn -0.3260 0.1111 0.9388
vn -0.3259 0.2121 0.9213
vn -0.3048 0.2777 0.9110
vn -0.2917 0.3306 0.8976
vn -0.2899 0.3769 0.8797
vn -0.3464 -0.6164 0.7072
vn -0.3162 0.6364 0.7036
vn -0.3553 -0.4270 0.8315
vn -0.3653 -0.3685 0.8548
vn -0.3646 -0.2976 0.8823
vn -0.3678 -0.2291 0.9012
vn -0.3740 -0.1439 0.9162
vn -0.3750 -0.0420 0.9261
vn -0.3711 0.4526 0.8108
vn -0.3583 -0.4996 0.7887
vn -0.4175 0.1130 0.9016
vn -0.4051 0.2486 0.8798
vn -0.4050 0.3295 0.8529
vn -0.3408 0.5459 0.7654
vn -0.3707 0.6271 0.6850
vn -0.4385 -0.0376 0.8979
vn -0.4535 0.0754 0.8880
vn -0.4205 0.3902 0.8191
vn -0.4235 -0.4982 0.7566
vn -0.4159 0.5210 0.7454
vn -0.4154 0.6150 0.6702
vn -0.4586 -0.3665 0.8095
vn -0.4785 -0.2919 0.8282
vn -0.4878 -0.2193 0.8450
vn -0.4841 -0.1560 0.8610
vn -0.4770 -0.0601 0.8768
vn -0.4633 0.2247 0.8573
vn -0.4293 -0.5719 0.6990
vn -0.4740 -0.4350 0.7656
vn -0.4627 -0.5904 0.6613
vn -0.5215 -0.0468 0.8520
vn -0.5368 0.0428 0.8426
vn -0.5476 0.1097 0.8295
vn -0.5064 0.2236 0.8328
vn -0.4891 0.3680 0.7908
vn -0.4720 0.5140 0.7162
vn -0.5612 -0.1457 0.8147
vn -0.5762 -0.0477 0.8159
vn -0.4923 0.5740 0.6544
vn -0.5541 0.2191 0.8031
vn -0.5340 0.3923 0.7490
vn -0.5258 0.4854 0.6986
vn -0.5325 -0.4523 0.7155
vn -0.5651 -0.3535 0.7454
vn -0.5764 -0.2926 0.7630
vn -0.6229 -0.0275 0.7818
vn -0.6222 0.0704 0.7797
vn -0.6025 0.2169 0.7681
vn -0.5863 0.3072 0.7496
vn -0.6070 -0.2304 0.7606
vn -0.6205 -0.1623 0.7672
vn -0.5349 -0.5595 0.6331
vn -0.5627 -0.5199 0.6427
vn -0.5786 -0.4761 0.6622
vn -0.6022 0.4734 0.6429
vn -0.6292 -0.4066 0.6624
vn -0.6521 -0.3386 0.6783
vn -0.6720 -0.1073 0.7328
vn -0.6847 -0.0511 0.7270
vn -0.6973 0.0129 0.7167
vn -0.6686 0.1309 0.7320
vn -0.6766 0.1892 0.7117
vn -0.6787 0.2707 0.6827
vn -0.6502 0.3540 0.6723
vn -0.6378 0.4196 0.6459
vn -0.6001 -0.5376 -0.5923
vn -0.6031 -0.4802 -0.6369
vn -0.6668 -0.3552 -0.6551
vn -0.6925 -0.1313 -0.7094
vn -0.5447 -0.5785 -0.6071
vn -0.6555 -0.0658 -0.7524
vn -0.6680 -0.0021 -0.7441
vn -0.6695 0.0566 -0.7406
vn -0.6603 0.1034 -0.7438
vn -0.6389 0.2341 -0.7328
vn -0.6161 0.3066 -0.7256
vn -0.6069 0.3486 -0.7143
vn -0.5937 0.4080 -0.6936
vn -0.5724 -0.4400 -0.6919
vn -0.5835 -0.3803 -0.7175
vn -0.5996 -0.3152 -0.7356
vn -0.6093 -0.2681 -0.7463
vn -0.6165 -0.2021 -0.7609
vn -0.6254 -0.1338 -0.7687
vn -0.5453 0.5750 -0.6099
vn -0.5961 0.1576 -0.7873
vn -0.5773 0.2310 -0.7832
vn -0.5356 0.4613 -0.7073
vn -0.5747 0.0215 -0.8181
vn -0.5078 0.5407 -0.6707
vn -0.4935 -0.5522 -0.6719
vn -0.5096 -0.4619 -0.7259
vn -0.5619 -0.0706 -0.8242
vn -0.4713 -0.5093 -0.7201
vn -0.5372 -0.2123 -0.8163
vn -0.5167 0.0475 -0.8549
vn -0.5138 0.1452 -0.8455
vn -0.5097 0.2905 -0.8098
vn -0.4992 0.3416 -0.7963
vn -0.4916 0.4084 -0.7691
vn -0.4621 -0.4059 -0.7885
vn -0.4710 -0.3565 -0.8069
vn -0.4744 -0.3086 -0.8245
vn -0.4768 -0.2387 -0.8460
vn -0.5136 -0.0938 -0.8529
vn -0.4386 0.5665 -0.6976
vn -0.4691 -0.0907 -0.8785
vn -0.4192 -0.5903 -0.6898
vn -0.4326 0.4116 -0.8022
vn -0.3931 0.6493 -0.6510
vn -0.4519 0.0262 -0.8917
vn -0.4299 0.1754 -0.8857
vn -0.4252 0.2375 -0.8734
vn -0.4157 0.2966 -0.8598
vn -0.4015 0.4910 -0.7731
vn -0.3787 0.5527 -0.7423
vn -0.3698 -0.5272 -0.7651
vn -0.3901 -0.4507 -0.8030
vn -0.4036 -0.2011 -0.8925
vn -0.4051 -0.1132 -0.9072
vn -0.3794 0.3920 -0.8381
vn -0.3511 -0.5905 -0.7267
vn -0.3856 -0.0041 -0.9227
vn -0.3915 0.0718 -0.9174
vn -0.3788 0.1375 -0.9152
vn -0.3278 -0.4743 -0.8171
vn -0.3233 0.3984 -0.8584
vn -0.3110 0.4945 -0.8116
vn -0.3257 -0.3908 -0.8609
vn -0.3574 -0.3188 -0.8779
vn -0.2912 -0.6739 -0.6791
vn -0.3022 -0.5944 -0.7452
vn -0.2798 -0.3105 -0.9085
vn -0.3226 -0.2211 -0.9204
vn -0.3437 -0.0909 -0.9347
vn -0.2922 0.5859 -0.7559
vn -0.2813 0.6590 -0.6975
vn -0.2399 -0.6053 -0.7590
vn -0.2901 0.0255 -0.9567
vn -0.3084 0.2619 -0.9145
vn -0.2542 -0.4867 -0.8358
vn -0.2412 -0.4087 -0.8802
vn -0.2646 0.3803 -0.8862
vn -0.2274 -0.5393 -0.8108
vn -0.2640 -0.1848 -0.9467
vn -0.2660 -0.1055 -0.9582
vn -0.2592 -0.0365 -0.9651
vn -0.2544 0.0814 -0.9637
vn -0.2583 0.1527 -0.9539
vn -0.2522 0.2005 -0.9467
vn -0.2382 0.2968 -0.9248
vn -0.2387 0.5020 -0.8313
vn -0.2108 0.6004 -0.7714
vn -0.1900 -0.6750 -0.7130
vn -0.2236 -0.3051 -0.9257
vn -0.2031 -0.1854 -0.9614
vn -0.1613 -0.5401 -0.8260
vn -0.1950 -0.4162 -0.8881
vn -0.1538 0.3118 -0.9376
vn -0.1821 0.4218 -0.8882
vn -0.1526 0.5128 -0.8448
vn -0.1401 -0.4201 -0.8966
vn -0.1696 -0.3089 -0.9359
vn -0.1536 -0.1840 -0.9709
vn -0.1505 -0.1120 -0.9822
vn -0.1558 -0.0506 -0.9865
vn -0.1548 0.0164 -0.9878
vn -0.1657 0.1026 -0.9808
vn -0.1244 -0.6846 -0.7182
vn -0.1150 -0.3139 -0.9425
vn -0.1267 0.1960 -0.9724
vn -0.1131 0.2633 -0.9581
vn -0.1004 0.4186 -0.9026
vn -0.1298 0.6091 -0.7824
vn -0.1185 0.6823 -0.7214
vn -0.1080 -0.6215 -0.7760
vn -0.1034 -0.5439 -0.8328
vn -0.1124 -0.2101 -0.9712
vn -0.0949 0.1294 -0.9870
vn -0.0198 -0.6249 -0.7805
vn -0.0408 -0.4298 -0.9020
vn -0.0362 -0.3763 -0.9258
vn -0.0501 -0.3172 -0.9470
vn -0.0331 -0.2088 -0.9774
vn -0.0303 -0.1430 -0.9893
vn -0.0366 -0.0767 -0.9964
vn -0.0505 -0.0166 -0.9986
vn -0.0748 0.5223 -0.8495
vn -0.0540 0.6125 -0.7886
vn -0.0096 -0.6749 -0.7379
vn -0.0219 -0.5081 -0.8610
vn -0.0152 -0.4651 -0.8851
vn -0.0182 0.0187 -0.9997
vn -0.0335 0.1096 -0.9934
vn -0.0282 0.2798 -0.9596
vn -0.0424 0.4245 -0.9044
vn -0.0018 0.6104 -0.7921
vn -0.0029 -0.2678 -0.9635
vn -0.0027 0.5181 -0.8553
vn 0.0251 -0.5670 -0.8233
vn 0.0354 0.1620 -0.9862
vn 0.0538 0.2346 -0.9706
vn 0.0526 -0.3771 -0.9247
vn 0.0501 -0.2640 -0.9632
vn 0.0454 0.3378 -0.9401
vn 0.0426 0.3953 -0.9176
vn 0.0368 0.6780 -0.7342
vn 0.0689 -0.6751 -0.7345
vn 0.0572 -0.1217 -0.9909
vn 0.0559 0.0075 -0.9984
vn 0.0908 0.1136 -0.9894
vn 0.0703 0.5147 -0.8545
vn 0.0620 0.5891 -0.8057
vn 0.1206 -0.1216 -0.9852
vn 0.1110 0.0127 -0.9937
vn 0.1042 0.4498 -0.8870
vn 0.1116 -0.5616 -0.8198
vn 0.1244 -0.3784 -0.9172
vn 0.1229 -0.2649 -0.9564
vn 0.1258 -0.2028 -0.9711
vn 0.1146 0.5779 -0.8080
vn 0.0981 0.6832 -0.7236
vn 0.1288 -0.6195 -0.7744
vn 0.1349 -0.4397 -0.8880
vn 0.1799 -0.6486 -0.7396
vn 0.1633 -0.4931 -0.8545
vn 0.1456 0.2418 -0.9593
vn 0.1578 0.3371 -0.9281
vn 0.1669 0.4425 -0.8811
vn 0.1557 0.5822 -0.7980
vn 0.1927 -0.3255 -0.9257
vn 0.2029 -0.0884 -0.9752
vn 0.1993 -0.0222 -0.9797
vn 0.1916 0.0362 -0.9808
vn 0.1945 0.0947 -0.9763
vn 0.1846 0.1536 -0.9707
vn 0.1901 0.5109 -0.8384
vn 0.1823 0.6749 -0.7150
vn 0.2172 0.2361 -0.9471
vn 0.2086 0.6026 -0.7703
vn 0.2302 0.3387 -0.9123
vn 0.2361 0.4281 -0.8723
vn 0.2483 -0.4822 -0.8401
vn 0.2616 -0.3215 -0.9100
vn 0.2707 -0.2412 -0.9320
vn 0.2658 -0.1973 -0.9436
vn 0.2668 -0.1296 -0.9550
vn 0.2975 0.0057 -0.9547
vn 0.2586 0.6006 -0.7566
vn 0.2629 -0.6212 -0.7382
vn 0.3086 0.0933 -0.9466
vn 0.3051 0.1521 -0.9401
vn 0.2881 0.2343 -0.9285
vn 0.2752 0.5293 -0.8025
vn 0.2851 -0.5498 -0.7851
vn 0.2987 -0.3921 -0.8701
vn 0.3281 0.2920 -0.8984
vn 0.3345 0.3344 -0.8811
vn 0.3012 0.4166 -0.8577
vn 0.3629 -0.3859 -0.8481
vn 0.3634 -0.1280 -0.9228
vn 0.3642 -0.0590 -0.9294
vn 0.3732 0.0002 -0.9278
vn 0.3764 0.4017 -0.8348
vn 0.3353 0.4920 -0.8034
vn 0.3822 0.1573 -0.9106
vn 0.3751 -0.5401 -0.7534
vn 0.4013 -0.2996 -0.8656
vn 0.4045 -0.2517 -0.8792
vn 0.4074 -0.1888 -0.8935
vn 0.3964 -0.4531 -0.7985
vn 0.4103 0.2423 -0.8792
vn 0.4034 -0.5940 -0.6960
vn 0.4470 0.0587 -0.8926
vn 0.4505 0.1131 -0.8856
vn 0.4542 0.2634 -0.8511
vn 0.4632 -0.4686 -0.7523
vn 0.4987 0.1633 -0.8513
vn 0.4545 0.3666 -0.8118
vn 0.5007 -0.3901 -0.7727
vn 0.5012 -0.3309 -0.7996
vn 0.4281 -0.1966 -0.8821
vn 0.3684 -0.1383 -0.9193
vn 0.3542 -0.0944 -0.9304
vn 0.3633 -0.0306 -0.9311
vn 0.4018 0.0170 -0.9156
vn 0.4697 0.0485 -0.8815
vn 0.4907 0.2966 -0.8193
vn 0.3313 -0.2741 -0.9028
vn 0.2107 -0.2119 -0.9543
vn 0.1573 -0.1326 -0.9786
vn 0.1600 -0.0288 -0.9867
vn 0.1871 0.0690 -0.9799
vn 0.2712 0.1181 -0.9553
vn 0.4065 0.1391 -0.9030
vn 0.4056 -0.3414 -0.8479
vn 0.3130 -0.3778 -0.8714
vn 0.1180 -0.3976 -0.9099
vn 0.0235 -0.3100 -0.9504
vn -0.0418 -0.1795 -0.9829
vn -0.0574 -0.0151 -0.9982
vn -0.0295 0.1443 -0.9891
vn 0.0613 0.2510 -0.9660
vn 0.1898 0.2952 -0.9364
vn 0.3917 0.2194 -0.8935
vn 0.5536 0.1574 -0.8178
vn 0.4903 -0.5654 -0.6633
vn 0.5155 -0.4911 -0.7022
vn 0.4783 -0.3571 -0.8023
vn 0.3217 -0.4829 -0.8145
vn 0.1618 -0.5327 -0.8307
vn 0.0136 -0.4991 -0.8665
vn -0.0807 -0.3832 -0.9201
vn -0.0711 0.3495 -0.9342
vn 0.0435 0.4316 -0.9010
vn 0.1933 0.4240 -0.8848
vn 0.4158 0.2526 -0.8737
vn 0.5756 0.2145 -0.7891
vn 0.5651 0.2663 -0.7809
vn 0.4738 -0.4494 -0.7574
vn 0.2672 -0.6094 -0.7465
vn 0.0947 -0.6577 -0.7473
vn -0.0109 -0.5969 -0.8023
vn -0.0545 -0.4459 -0.8934
vn -0.0686 -0.2424 -0.9677
vn -0.0737 -0.0237 -0.9970
vn -0.0722 0.1942 -0.9783
vn -0.0651 0.3885 -0.9192
vn -0.0222 0.5285 -0.8486
vn 0.0995 0.5585 -0.8235
vn 0.2869 0.4593 -0.8407
vn 0.4604 0.2467 -0.8527
vn 0.3541 0.4854 -0.7994
vn 0.4430 -0.5382 -0.7170
vn 0.2333 -0.7250 -0.6480
vn 0.0997 -0.7518 -0.6518
vn 0.0541 -0.6718 -0.7388
vn 0.0618 -0.5114 -0.8571
vn 0.0819 -0.2921 -0.9529
vn 0.0888 -0.0426 -0.9951
vn 0.0737 0.2058 -0.9758
vn 0.0401 0.4187 -0.9072
vn 0.0380 0.5902 -0.8063
vn 0.0863 0.6654 -0.7415
vn 0.2277 0.5979 -0.7685
vn 0.4402 0.3604 -0.8224
vn 0.5644 0.1666 -0.8085
vn 0.5392 -0.4482 -0.7131
vn 0.4040 -0.6617 -0.6316
vn 0.2399 -0.8039 -0.5442
vn 0.1581 -0.8141 -0.5588
vn 0.1697 -0.7236 -0.6690
vn 0.2210 -0.5527 -0.8036
vn 0.2668 -0.3236 -0.9078
vn 0.2812 -0.0656 -0.9574
vn 0.2582 0.1942 -0.9464
vn 0.2058 0.4307 -0.8787
vn 0.1438 0.6232 -0.7687
vn 0.1974 0.7012 -0.6851
vn 0.3998 0.5223 -0.7532
vn 0.5695 0.2626 -0.7789
vn 0.5502 -0.5648 -0.6150
vn 0.4337 -0.7037 -0.5628
vn 0.2843 -0.8478 -0.4477
vn 0.2408 -0.8497 -0.4690
vn 0.2940 -0.7538 -0.5877
vn 0.3755 -0.5773 -0.7251
vn 0.4379 -0.3471 -0.8293
vn 0.4603 -0.0903 -0.8831
vn 0.4381 0.1723 -0.8823
vn 0.3747 0.4192 -0.8270
vn 0.2746 0.6239 -0.7317
vn 0.2030 0.7416 -0.6394
vn 0.2279 0.7754 -0.5889
vn 0.3729 0.6427 -0.6692
vn 0.5590 0.3416 -0.7555
vn 0.3829 0.3950 -0.8351
vn 0.5962 -0.4587 -0.6589
vn 0.6089 -0.3957 -0.6875
vn 0.5952 -0.4601 -0.6588
vn 0.4636 -0.7168 -0.5208
vn 0.3408 -0.8590 -0.3822
vn 0.3349 -0.8645 -0.3749
vn 0.4065 -0.7708 -0.4905
vn 0.5021 -0.5904 -0.6319
vn 0.5748 -0.3640 -0.7329
vn 0.6046 -0.1124 -0.7886
vn 0.5875 0.1471 -0.7957
vn 0.5233 0.3967 -0.7542
vn 0.4223 0.6111 -0.6695
vn 0.3291 0.7553 -0.5667
vn 0.3948 0.7164 -0.5752
vn 0.5976 0.4004 -0.6947
vn 0.6589 0.1923 -0.7273
vn 0.4609 0.3530 -0.8142
vn 0.6415 -0.3590 -0.6779
vn 0.5019 -0.7202 -0.4790
vn 0.3938 -0.8511 -0.3474
vn 0.4744 -0.7763 -0.4151
vn 0.5892 -0.5983 -0.5431
vn 0.6702 -0.3764 -0.6396
vn 0.7080 -0.1295 -0.6943
vn 0.6990 0.1262 -0.7039
vn 0.6427 0.3753 -0.6680
vn 0.5448 0.5960 -0.5899
vn 0.4333 0.7568 -0.4894
vn 0.4445 0.7406 -0.5038
s 1
usemtl Material
f 2189//2189 2199//2199 2214//2214 2213//2213 2205//2205
f 771//771 797//797 796//796 770//770
f 1604//1604 1605//1605 1630//1630 1639//1639 1658//1658 1673//1673 18//18
f 1235//1235 1236//1236 1248//1248 1258//1258
f 1202//1202 1201//1201 1158//1158 1145//1145 1146//1146 1159//1159 1160//1160 1168//1168 1176//1176 1203//1203
f 166//166 159//159 143//143 136//136 137//137 147//147 169//169
f 1400//1400 1358//1358 1372//1372 1413//1413 1432//1432 1431//1431 1430//1430
f 1431//1431 1475//1475 504//504 54//54 1430//1430
f 1813//1813 1837//1837 1836//1836 1826//1826 1797//1797 1798//1798
f 1357//1357 1338//1338 34//34 35//35 36//36
f 1354//1354 1367//1367 1366//1366 1344//1344
f 265//265 290//290 289//289 284//284 271//271 264//264 258//258
f 274//274 287//287 286//286 262//262 256//256 257//257 263//263
f 2146//2146 2123//2123 2124//2124 2130//2130
f 196//196 202//202 237//237 236//236 214//214
f 118//118 548//548 555//555 78//78 88//88 111//111
f 960//960 961//961 976//976 975//975 974//974
f 1428//1428 1415//1415 1416//1416 1439//1439 1457//1457 1472//1472 1456//1456
f 2008//2008 2009//2009 2024//2024 2023//2023 2018//2018
f 1607//1607 1589//1589 1596//1596 1598//1598 1608//1608
f 1361//1361 1388//1388 1414//1414 1406//1406 1382//1382 1360//1360
f 2336//2336 2337//2337 2351//2351 2365//2365 2364//2364 2350//2350 2335//2335
f 514//514 515//515 527//527 526//526 513//513
f 938//938 153//153 152//152 149//149 124//124 1023//1023
f 1466//1466 1465//1465 1442//1442 1443//1443 1460//1460 1467//1467
f 2161//2161 2168//2168 2172//2172 2182//2182 74//74
f 1245//1245 1225//1225 1204//1204 1196//1196 1255//1255 1284//1284 1283//1283 1282//1282
f 1063//1063 1048//1048 1021//1021 1010//1010 1034//1034 1057//1057 1064//1064
f 2095//2095 2122//2122 2121//2121 2118//2118 2110//2110 2093//2093 2094//2094
f 2150//2150 2149//2149 2136//2136 2133//2133 2134//2134
f 666//666 667//667 676//676 675//675
f 1437//1437 1433//1433 1426//1426 1438//1438 1488//1488 1487//1487
f 620//620 634//634 633//633 619//619
f 577//577 578//578 579//579 1986//1986 1993//1993
f 845//845 851//851 885//885 924//924 911//911 864//864
f 2029//2029 2030//2030 2038//2038 2052//2052 2051//2051 2050//2050 2043//2043
f 1897//1897 1886//1886 1880//1880 1894//1894 1898//1898 1906//1906 1905//1905
f 1467//1467 1460//1460 1461//1461 1473//1473 1485//1485 1484//1484
f 1158//1158 1201//1201 1194//1194 1157//1157 1129//1129
f 2204//2204 2205//2205 2213//2213 2222//2222 2229//2229 2221//2221 2208//2208
f 427//427 419//419 411//411 397//397 398//398 402//402 428//428
f 1883//1883 1889//1889 1882//1882 1869//1869 1870//1870
f 528//528 517//517 509//509 518//518 529//529
f 1178//1178 1185//1185 1195//1195 1213//1213 1184//1184 1177//1177 1173//1173 1167//1167 1154//1154 1155//1155
f 2268//2268 2270//2270 2267//2267 2258//2258 2264//2264
f 565//565 549//549 567//567 566//566
f 557//557 558//558 572//572 586//586 585//585 570//570
f 496//496 523//523 522//522 521//521 508//508 494//494 495//495
f 1186//1186 1205//1205 1143//1143
f 1734//1734 1760//1760 1759//1759 1733//1733
f 647//647 648//648 658//658 657//657 646//646
f 605//605 624//624 652//652 651//651 631//631 618//618
f 829//829 856//856 863//863 862//862 844//844 814//814 815//815
f 1333//1333 1305//1305 1292//1292 1293//1293 1312//1312 1337//1337
f 1379//1379 1378//1378 1347//1347 1348//1348 1349//1349 1368//1368 1380//1380
f 810//810 828//828 827//827 798//798 799//799
f 2077//2077 327//327 315//315 626//626 607//607 596//596
f 2238//2238 2239//2239 2253//2253 2262//2262 2261//2261 2237//2237
f 2269//2269 2272//2272 2371//2371 2370//2370 2300//2300
f 1749//1749 1655//1655 1688//1688 1720//1720 1738//1738 1845//1845 1856//1856 1832//1832 1808//1808
f 1225//1225 1245//1245 1268//1268 1267//1267 1244//1244 1224//1224
f 2391//2391 66//66 67//67 2375//2375 2376//2376
f 2159//2159 2160//2160 2171//2171 2186//2186 2185//2185 2179//2179
f 1511//1511 1512//1512 1518//1518 1532//1532 1531//1531
f 1937//1937 1926//1926 1927//1927 1947//1947 1956//1956
f 2069//2069 331//331 326//326 332//332 2070//2070
f 168//168 188//188 187//187 181//181 163//163 164//164 165//165
f 1418//1418 1401//1401 1392//1392 1419//1419
f 334//334 333//333 2100//2100 2114//2114 2124//2124 2123//2123
f 2057//2057 2047//2047 81//81 104//104 98//98 95//95
f 1323//1323 1344//1344 1343//1343 1337//1337 1312//1312 1313//1313
f 202//202 215//215 227//227 238//238 237//237
f 350//350 349//349 2146//2146 2161//2161 74//74 342//342 351//351
f 2034//2034 2047//2047 2057//2057 2056//2056 2041//2041 2033//2033
f 517//517 528//528 535//535 540//540 534//534 522//522 523//523
f 114//114 128//128 134//134 141//141 140//140 127//127
f 1525//1525 1543//1543 1569//1569 1563//1563 1524//1524
f 1050//1050 1023//1023 124//124 117//117 104//104 81//81 1080//1080 1070//1070
f 810//810 799//799 786//786 787//787 817//817
f 937//937 938//938 1023//1023 1050//1050 995//995 966//966
f 788//788 775//775 764//764 752//752 740//740 741//741 781//781
f 751//751 750//750 728//728 719//719 690//690 678//678 670//670 698//698 729//729
f 909//909 922//922 908//908 860//860 861//861 862//862
f 813//813 838//838 837//837 812//812 802//802
f 1174//1174 1175//1175 1181//1181 1180//1180 1185//1185 1178//1178
f 842//842 871//871 870//870 841//841
f 2079//2079 2067//2067 2068//2068 2091//2091 2090//2090
f 761//761 801//801 800//800 760//760
f 728//728 750//750 762//762 761//761
f 1669//1669 1670//1670 1685//1685 1684//1684 1668//1668
f 106//106 105//105 92//92 93//93 94//94 107//107
f 1857//1857 1833//1833 1779//1779 1750//1750 1751//1751 1764//1764 1780//1780 1794//1794 1810//1810 1862//1862
f 1061//1061 1060//1060 1082//1082 1//1 1883//1883 1870//1870 1081//1081 1077//1077
f 457//457 436//436 432//432 433//433 460//460 464//464
f 2119//2119 2113//2113 2101//2101 2107//2107 2120//2120
f 884//884 910//910 952//952 951//951 936//936 883//883
f 1522//1522 1487//1487 1488//1488 1489//1489 1523//1523 1560//1560 1559//1559
f 841//841 870//870 869//869 833//833 823//823 824//824
f 1684//1684 1685//1685 1703//1703 1702//1702
f 1411//1411 1441//1441 1435//1435 1420//1420 1409//1409 1410//1410
f 302//302 303//303 319//319 318//318
f 682//682 661//661 691//691 721//721 731//731 720//720
f 307//307 314//314 325//325 330//330 324//324 313//313 306//306
f 1983//1983 1997//1997 1996//1996 1995//1995 1982//1982 1973//1973
f 181//181 186//186 185//185 172//172 163//163
f 805//805 783//783 765//765 759//759 792//792 831//831 830//830
f 116//116 98//98 104//104 117//117 129//129
f 213//213 201//201 192//192 193//193 196//196 214//214
f 1060//1060 1055//1055 1056//1056 1062//1062 1083//1083 1082//1082
f 569//569 570//570 585//585 584//584 571//571
f 295//295 294//294 281//281 268//268 269//269 270//270 282//282
f 1601//1601 1602//1602 19//19 20//20 1612//1612
f 584//584 585//585 586//586 1861//1861 1864//1864 1879//1879 4//4
f 327//327 332//332 326//326 311//311 308//308 309//309 315//315
f 1814//1814 1838//1838 1837//1837 1813//1813
f 80//80 2053//2053 2054//2054 2055//2055 93//93 92//92 91//91
f 2369//2369 2325//2325 73//73 21//21 1179//1179
f 75//75 89//89 85//85 84//84 2048//2048 2049//2049
f 311//311 326//326 331//331 325//325 314//314 310//310
f 2253//2253 2254//2254 2276//2276 2275//2275 2274//2274 2262//2262
f 1424//1424 1445//1445 1444//1444 1436//1436 1429//1429 1423//1423
f 443//443 427//427 428//428 436//436 457//457 456//456
f 1919//1919 1939//1939 1948//1948 1938//1938 1928//1928 1918//1918
f 977//977 1006//1006 1005//1005 992//992 976//976
f 319//319 328//328 2061//2061 323//323 318//318
f 2189//2189 2181//2181 2166//2166 2167//2167 590//590 2199//2199
f 1404//1404 1453//1453 1445//1445 1424//1424 1399//1399
f 2299//2299 2300//2300 2370//2370 71//71 2354//2354
f 1389//1389 1415//1415 1428//1428 1427//1427 1414//1414 1388//1388
f 1587//1587 1583//1583 1576//1576 1577//1577 1584//1584 1591//1591 1590//1590
f 1383//1383 1374//1374 1343//1343 1344//1344 1366//1366 1384//1384
f 789//789 785//785 778//778 767//767 779//779 793//793
f 18//18 1629//1629 19//19 1602//1602 1603//1603 1604//1604
f 894//894 886//886 895//895 925//925 994//994 982//982
f 67//67 66//66 1091//1091 1090//1090 68//68
f 393//393 406//406 405//405 388//388 372//372 373//373 375//375
f 1472//1472 1457//1457 1458//1458 1476//1476 1514//1514 1543//1543 1525//1525 1491//1491
f 448//448 447//447 430//430 420//420 446//446
f 2115//2115 2127//2127 2112//2112 2099//2099 2103//2103
f 2292//2292 2317//2317 2316//2316 2305//2305 2291//2291
f 1971//1971 1964//1964 1978//1978 1985//1985 1992//1992
f 397//397 382//382 383//383 398//398
f 543//543 552//552 551//551 535//535 528//528 529//529 530//530
f 15//15 14//14 1644//1644 1643//1643 1634//1634
f 1401//1401 1418//1418 1417//1417 1408//1408 1390//1390 1391//1391
f 792//792 759//759 732//732 753//753 784//784 806//806
f 827//827 848//848 847//847 843//843 826//826
f 1056//1056 1020//1020 1009//1009 1048//1048 1063//1063 1062//1062
f 887//887 888//888 153//153 938//938 937//937
f 544//544 543//543 530//530 531//531 545//545
f 277//277 278//278 288//288 304//304 303//303 302//302 301//301
f 535//535 551//551 550//550 540//540
f 1951//1951 1943//1943 1944//1944 1962//1962 1961//1961
f 206//206 218//218 200//200 185//185 186//186
f 1890//1890 1901//1901 1900//1900 1879//1879 1864//1864 1865//1865 1871//1871
f 1462//1462 1476//1476 1458//1458 1447//1447 1448//1448
f 1529//1529 1537//1537 1536//1536 1508//1508 1501//1501 1502//1502 1517//1517
f 789//789 809//809 808//808 37//37 36//36 785//785
f 1873//1873 1866//1866 1878//1878 1903//1903 1902//1902 1893//1893
f 858//858 874//874 873//873 849//849 834//834 850//850
f 2051//2051 87//87 86//86 79//79 2050//2050
f 338//338 2265//2265 2299//2299 2354//2354 339//339 340//340 346//346
f 2200//2200 2182//2182 2172//2172 2192//2192 2209//2209 2215//2215
f 2229//2229 2222//2222 2232//2232 2241//2241 2246//2246
f 426//426 425//425 406//406 393//393 401//401 413//413 421//421
f 1395//1395 1403//1403 1402//1402 1386//1386 1377//1377 1378//1378
f 2293//2293 2318//2318 2317//2317 2292//2292
f 556//556 555//555 548//548 542//542 547//547 553//553
f 435//435 440//440 439//439 426//426 421//421 422//422
f 455//455 466//466 472//472 471//471 454//454
f 1157//1157 1194//1194 1212//1212 1211//1211 1193//1193 1156//1156 1128//1128
f 1492//1492 1502//1502 1501//1501 1483//1483 1465//1465 1466//1466
f 1375//1375 1394//1394 1393//1393 1384//1384 1366//1366 1367//1367
f 1355//1355 1376//1376 1375//1375 1367//1367 1354//1354
f 1920//1920 1921//1921 1929//1929 1942//1942 1941//1941 1940//1940
f 211//211 221//221 231//231 226//226 218//218 206//206
f 253//253 254//254 264//264 271//271 270//270 269//269 252//252
f 1482//1482 1500//1500 1499//1499 1480//1480 1481//1481
f 2035//2035 2046//2046 2045//2045 2044//2044 2022//2022 2020//2020 2011//2011 2021//2021
f 736//736 737//737 754//754 769//769 768//768
f 1392//1392 1383//1383 1384//1384 1393//1393 1409//1409 1420//1420 1419//1419
f 1332//1332 1353//1353 1352//1352 1322//1322 1310//1310 1311//1311
f 2127//2127 2138//2138 2137//2137 2126//2126 2111//2111 2112//2112
f 1946//1946 1932//1932 1933//1933 1952//1952 1965//1965
f 1419//1419 1420//1420 1435//1435 1452//1452 1451//1451 1450//1450
f 127//127 140//140 139//139 146//146 133//133 125//125 126//126
f 199//199 205//205 210//210 198//198 180//180
f 1434//1434 1418//1418 1419//1419 1450//1450 1449//1449
f 1520//1520 1534//1534 1533//1533 1519//1519 1513//1513
f 1319//1319 1339//1339 1334//1334 414//414 1279//1279
f 1737//1737 1748//1748 1747//1747 1717//1717 1718//1718
f 1863//1863 1855//1855 1832//1832 1856//1856 1868//1868 1867//1867
f 1656//1656 6//6 1590//1590 1591//1591 1592//1592 1600//1600 1657//1657
f 1304//1304 1303//1303 1242//1242 1211//1211 1212//1212 1265//1265
f 272//272 293//293 292//292 387//387 261//261
f 70//70 69//69 1089//1089 1101//1101
f 1918//1918 1913//1913 1892//1892 1893//1893 1902//1902 1919//1919
f 1059//1059 1069//1069 1068//1068 1053//1053 1043//1043 1044//1044 1045//1045 1046//1046
f 766//766 35//35 34//34 33//33 733//733 746//746
f 1719//1719 1737//1737 1718//1718 1687//1687 1672//1672 1653//1653 1654//1654
f 1187//1187 1186//1186 1143//1143 56//56 55//55 1188//1188
f 846//846 867//867 866//866 854//854
f 1823//1823 1834//1834 1847//1847 1866//1866 1873//1873 1872//1872 1862//1862 1810//1810
f 1996//1996 2014//2014 2021//2021 2011//2011 2002//2002 1995//1995
f 525//525 510//510 503//503 511//511 533//533 541//541
f 1827//1827 1840//1840 1839//1839 1815//1815 1816//1816
f 1732//1732 1758//1758 1757//1757 1731//1731
f 1015//1015 1030//1030 1029//1029 1001//1001 1002//1002
f 2196//2196 2211//2211 2223//2223 2210//2210 2195//2195
f 2372//2372 2388//2388 2371//2371 2272//2272 2273//2273 2301//2301 2312//2312 2326//2326 2340//2340
f 1748//1748 1777//1777 1776//1776 1747//1747
f 219//219 233//233 232//232 222//222 207//207
f 1536//1536 1547//1547 1546//1546 1528//1528 1507//1507 1508//1508
f 2071//2071 2059//2059 320//320 2060//2060 2073//2073 2072//2072
f 369//369 385//385 399//399 403//403 402//402 398//398 383//383
f 817//817 850//850 834//834 828//828 810//810
f 479//479 499//499 514//514 513//513 506//506 478//478 469//469
f 365//365 377//377 391//391 389//389 376//376 363//363 364//364
f 2025//2025 2032//2032 2040//2040 2054//2054 2053//2053 2039//2039
f 1350//1350 1351//1351 1369//1369 1398//1398 1397//1397 1380//1380 1368//1368
f 1372//1372 1359//1359 1381//1381 1425//1425 1413//1413
f 396//396 409//409 408//408 407//407 391//391 377//377 378//378
f 1400//1400 1430//1430 54//54 476//476 465//465
f 1401//1401 1391//1391 1365//1365 1374//1374 1383//1383 1392//1392
f 1434//1434 1448//1448 1447//1447 1440//1440 1417//1417 1418//1418
f 2189//2189 2205//2205 2204//2204 2191//2191 2180//2180 2181//2181
f 417//417 441//441 431//431 415//415
f 2078//2078 2079//2079 2090//2090 2106//2106 2105//2105 2104//2104 2089//2089
f 1985//1985 1978//1978 1979//1979 2006//2006 2012//2012 2001//2001
f 1426//1426 1433//1433 1425//1425 1381//1381 1373//1373 1382//1382 1406//1406
f 1451//1451 1479//1479 1478//1478 1477//1477 1463//1463 1449//1449 1450//1450
f 1237//1237 1238//1238 1250//1250 1249//1249
f 399//399 385//385 384//384 386//386 395//395 400//400
f 2355//2355 2373//2373 2372//2372 2340//2340 2341//2341
f 1952//1952 1933//1933 1924//1924 1088//1088 1078//1078 1084//1084 2//2
f 1479//1479 1480//1480 1499//1499 1527//1527 1516//1516 1478//1478
f 471//471 480//480 470//470 462//462 453//453 454//454
f 1941//1941 1958//1958 1957//1957 1948//1948 1939//1939 1940//1940
f 850//850 855//855 859//859 875//875 858//858
f 2177//2177 2201//2201 2206//2206 2212//2212 2211//2211 2196//2196 2190//2190 2176//2176
f 20//20 19//19 1629//1629 1691//1691 1690//1690 1689//1689
f 100//100 85//85 89//89 96//96 101//101
f 962//962 977//977 976//976 961//961 948//948
f 728//728 761//761 760//760 757//757 718//718 719//719
f 41//41 912//912 913//913 927//927 926//926 42//42
f 1283//1283 1324//1324 1323//1323 1313//1313 1294//1294 1282//1282
f 58//58 1099//1099 1098//1098 59//59
f 85//85 100//100 99//99 83//83 84//84
f 1322//1322 1352//1352 1364//1364 1363//1363 1336//1336
f 464//464 460//460 468//468 475//475 485//485 484//484 483//483
f 1581//1581 1585//1585 1589//1589 1607//1607 1617//1617 1609//1609 1597//1597
f 612//612 613//613 620//620 619//619
f 613//613 614//614 621//621 620//620
f 614//614 615//615 622//622 621//621
f 615//615 616//616 623//623 622//622
f 354//354 355//355 356//356 381//381 390//390 380//380
f 978//978 1008//1008 1007//1007 993//993
f 1475//1475 1497//1497 53//53 533//533 511//511 504//504
f 621//621 622//622 628//628 627//627
f 622//622 623//623 629//629 628//628
f 623//623 630//630 629//629
f 2180//2180 2153//2153 2144//2144 2145//2145 2166//2166 2181//2181
f 37//37 808//808 38//38 1405//1405 1387//1387
f 148//148 144//144 129//129 117//117 124//124 149//149
f 628//628 629//629 636//636 635//635
f 629//629 630//630 637//637 636//636
f 482//482 489//489 498//498 524//524 520//520 505//505 486//486
f 436//436 428//428 402//402 403//403 432//432
f 633//633 634//634 644//644 643//643
f 2220//2220 2197//2197 2198//2198 2208//2208 2221//2221 2234//2234 2233//2233
f 635//635 636//636 647//647 646//646
f 636//636 637//637 648//648 647//647
f 637//637 649//649 648//648
f 1090//1090 1091//1091 1103//1103 1116//1116 1115//1115 1102//1102
f 14//14 13//13 1645//1645 1644//1644
f 643//643 644//644 655//655 654//654
f 644//644 645//645 656//656 655//655
f 645//645 646//646 657//657 656//656
f 2146//2146 349//349 348//348 334//334 2123//2123
f 648//648 649//649 659//659 658//658
f 1088//1088 1924//1924 1908//1908 1//1 1082//1082 1083//1083
f 2188//2188 2191//2191 2204//2204 2208//2208 2198//2198
f 1515//1515 1526//1526 1514//1514 1476//1476 1477//1477
f 1692//1692 1724//1724 1723//1723 1691//1691 1629//1629 18//18 1673//1673
f 473//473 491//491 497//497 496//496 495//495 472//472 466//466
f 654//654 655//655 664//664 663//663
f 655//655 656//656 665//665 664//664
f 656//656 657//657 666//666 665//665
f 23//23 619//619 633//633 643//643 24//24
f 592//592 73//73 2325//2325 2257//2257 2246//2246 2241//2241 593//593
f 2080//2080 2082//2082 2098//2098 2108//2108 2107//2107 2101//2101 2092//2092
f 1687//1687 1718//1718 1717//1717 1704//1704 1686//1686
f 2147//2147 2125//2125 2126//2126 2137//2137 2148//2148
f 663//663 664//664 673//673 672//672
f 664//664 665//665 674//674 673//673
f 665//665 666//666 675//675 674//674
f 409//409 415//415 431//431 435//435 422//422 408//408
f 672//672 673//673 684//684 683//683
f 673//673 674//674 685//685 684//684
f 674//674 675//675 686//686 685//685
f 1561//1561 1604//1604 1603//1603 1568//1568 1559//1559 1560//1560
f 348//348 364//364 363//363 362//362 347//347 333//333 334//334
f 683//683 684//684 693//693 692//692
f 684//684 685//685 694//694 693//693
f 685//685 686//686 695//695 694//694
f 686//686 687//687 696//696 707//707 706//706 695//695
f 208//208 212//212 219//219 207//207 189//189 190//190
f 650//650 631//631 651//651 660//660
f 692//692 693//693 703//703 702//702
f 693//693 694//694 704//704 703//703
f 694//694 695//695 705//705 704//704
f 695//695 706//706 705//705
f 1950//1950 1966//1966 1981//1981 1986//1986 579//579 580//580 581//581
f 696//696 697//697 708//708 707//707
f 2017//2017 2018//2018 2023//2023 2030//2030 2029//2029
f 769//769 791//791 790//790 780//780 768//768
f 353//353 367//367 366//366 350//350 351//351
f 702//702 703//703 711//711 710//710
f 703//703 704//704 712//712 711//711
f 704//704 705//705 713//713 712//712
f 705//705 706//706 714//714 713//713
f 706//706 707//707 715//715 714//714
f 738//738 749//749 748//748 727//727 715//715 707//707 708//708 716//716
f 572//572 558//558 559//559 573//573 587//587
f 710//710 711//711 723//723 722//722
f 711//711 712//712 724//724 723//723
f 712//712 713//713 725//725 724//724
f 713//713 714//714 726//726 725//725
f 714//714 715//715 727//727 726//726
f 120//120 106//106 107//107 122//122 121//121
f 1851//1851 1852//1852 1859//1859 1858//1858 1850//1850
f 722//722 723//723 734//734 733//733
f 723//723 724//724 735//735 734//734
f 724//724 725//725 736//736 735//735
f 725//725 726//726 737//737 736//736
f 1036//1036 1066//1066 1065//1065 1057//1057 1034//1034 1035//1035
f 813//813 803//803 814//814 844//844 838//838
f 733//733 734//734 746//746
f 734//734 735//735 747//747 746//746
f 736//736 768//768 780//780 779//779 767//767 747//747 735//735
f 1892//1892 1913//1913 1909//1909 1891//1891 1885//1885
f 160//160 161//161 162//162 170//170 175//175 184//184 174//174
f 273//273 280//280 288//288 278//278
f 296//296 310//310 314//314 307//307
f 207//207 222//222 221//221 211//211 187//187 188//188 189//189
f 232//232 249//249 248//248 247//247 231//231 221//221 222//222
f 727//727 748//748 755//755 754//754 737//737 726//726
f 1444//1444 1445//1445 1453//1453 1469//1469 1468//1468
f 1305//1305 1333//1333 1332//1332 1311//1311
f 1235//1235 1216//1216 1226//1226 1236//1236
f 350//350 366//366 365//365 364//364 348//348 349//349
f 1997//1997 1998//1998 2016//2016 2015//2015 2014//2014 1996//1996
f 270//270 271//271 284//284 283//283 282//282
f 800//800 835//835 855//855 850//850 817//817
f 773//773 786//786 799//799 798//798 772//772
f 38//38 808//808 809//809 821//821 846//846 854//854 39//39
f 2226//2226 2227//2227 2243//2243 2240//2240 2225//2225
f 806//806 784//784 776//776 777//777 807//807 820//820 839//839
f 1849//1849 1850//1850 1858//1858 1848//1848
f 492//492 474//474 467//467 488//488 501//501 500//500
f 823//823 833//833 832//832 822//822 793//793 794//794
f 1200//1200 1221//1221 1220//1220 1209//1209 1199//1199
f 491//491 473//473 463//463 474//474 492//492
f 1266//1266 1308//1308 1342//1342 1341//1341 1335//1335 1304//1304 1265//1265
f 555//555 556//556 574//574 589//589 78//78
f 481//481 476//476 54//54 504//504 511//511 503//503 493//493
f 2203//2203 2193//2193 2194//2194 2219//2219 2231//2231 2228//2228
f 2383//2383 2384//2384 2399//2399 2398//2398
f 1556//1556 1557//1557 1566//1566 1577//1577 1576//1576 1565//1565
f 1774//1774 1790//1790 1804//1804 1803//1803 1802//1802 1789//1789 1773//1773
f 2294//2294 2319//2319 2318//2318 2293//2293
f 432//432 403//403 399//399 400//400 429//429 433//433
f 423//423 418//418 410//410 411//411 419//419 424//424
f 1721//1721 1722//1722 1086//1086 1087//1087 1763//1763 1738//1738 1720//1720
f 13//13 12//12 1646//1646 1645//1645
f 12//12 11//11 1647//1647 1646//1646
f 2037//2037 2042//2042 76//76 75//75 2049//2049 2036//2036
f 1242//1242 1241//1241 1210//1210 1193//1193 1211//1211
f 1514//1514 1526//1526 1535//1535 1544//1544 1570//1570 1569//1569 1543//1543
f 1530//1530 1531//1531 1532//1532 1540//1540 1548//1548 1539//1539
f 610//610 641//641 640//640 639//639 603//603 604//604
f 878//878 899//899 898//898 877//877
f 354//354 380//380 379//379 367//367 353//353
f 1385//1385 1411//1411 1410//1410 1394//1394 1375//1375 1376//1376
f 1279//1279 1253//1253 1241//1241 1242//1242 1303//1303 1330//1330 1319//1319
f 90//90 87//87 2051//2051 2052//2052 80//80 91//91
f 382//382 381//381 356//356 357//357 358//358 359//359 369//369 383//383
f 1427//1427 1446//1446 1438//1438 1426//1426 1406//1406 1414//1414
f 1490//1490 1491//1491 1525//1525 1524//1524 1523//1523 1489//1489
f 357//357 344//344 345//345 358//358
f 1569//1569 1570//1570 1595//1595 1594//1594 1593//1593 1562//1562 1563//1563
f 1249//1249 1250//1250 1262//1262 1261//1261 1260//1260
f 2144//2144 2120//2120 2107//2107 2108//2108 2128//2128 2145//2145
f 512//512 536//536 547//547 542//542 524//524 498//498
f 1243//1243 1202//1202 1203//1203 1222//1222 1254//1254 1281//1281 1280//1280
f 358//358 345//345 337//337 338//338 346//346 360//360 359//359
f 797//797 826//826 825//825 796//796
f 2375//2375 67//67 68//68 2390//2390 2374//2374
f 2026//2026 2027//2027 2033//2033 2041//2041 2040//2040 2032//2032
f 309//309 308//308 289//289 290//290 291//291
f 2096//2096 2111//2111 2126//2126 2125//2125 2122//2122 2095//2095
f 2141//2141 2117//2117 2104//2104 2105//2105 2132//2132 2142//2142
f 565//565 566//566 580//580 579//579 578//578 564//564
f 597//597 593//593 2241//2241 2232//2232 2230//2230 594//594
f 866//866 867//867 877//877 876//876
f 867//867 868//868 878//878 877//877
f 868//868 869//869 879//879 878//878
f 869//869 870//870 880//880 879//879
f 870//870 871//871 881//881 880//880
f 1380//1380 1397//1397 1396//1396 1379//1379
f 215//215 209//209 807//807 777//777 228//228 227//227
f 876//876 890//890 889//889
f 1920//1920 1940//1940 1939//1939 1919//1919 1902//1902 1903//1903 1904//1904
f 1907//1907 1923//1923 1935//1935 1931//1931 1911//1911
f 341//341 368//368 292//292 293//293 297//297 316//316 2058//2058 2062//2062
f 881//881 882//882 892//892 891//891
f 1073//1073 1074//1074 1079//1079 2013//2013 2007//2007 1994//1994
f 1594//1594 1595//1595 1597//1597 1609//1609 1626//1626 1625//1625 1624//1624 1623//1623 1616//1616
f 287//287 298//298 317//317 316//316 297//297 286//286
f 889//889 890//890 897//897 896//896
f 891//891 892//892 903//903 902//902
f 892//892 904//904 903//903
f 1215//1215 1234//1234 1247//1247 1246//1246 1233//1233 1214//1214
f 775//775 788//788 816//816 829//829 815//815
f 688//688 650//650 660//660 669//669 668//668 716//716 708//708 697//697
f 121//121 122//122 123//123 137//137 136//136
f 896//896 897//897 913//913 912//912
f 897//897 898//898 914//914 913//913
f 898//898 899//899 915//915 914//914
f 899//899 900//900 916//916 915//915
f 900//900 901//901 917//917 916//916
f 901//901 902//902 918//918 917//917
f 902//902 903//903 919//919 918//918
f 903//903 904//904 920//920 919//919
f 904//904 905//905 921//921 920//920
f 749//749 771//771 770//770 755//755 748//748
f 49//49 1580//1580 1579//1579 1558//1558 1549//1549 48//48
f 600//600 606//606 630//630 623//623 616//616
f 1001//1001 1029//1029 1028//1028 1000//1000
f 39//39 854//854 866//866 876//876 889//889 40//40 1486//1486 1471//1471
f 913//913 914//914 928//928 927//927
f 914//914 915//915 929//929 928//928
f 915//915 916//916 930//930 929//929
f 916//916 917//917 931//931 930//930
f 917//917 918//918 932//932 931//931
f 918//918 919//919 933//933 932//932
f 919//919 920//920 934//934 933//933
f 920//920 921//921 935//935 934//934
f 1065//1065 1066//1066 1071//1071 3//3 2//2 1084//1084
f 525//525 541//541 554//554 560//560 546//546 532//532
f 1511//1511 1504//1504 1494//1494 1495//1495 1505//1505 1512//1512
f 926//926 927//927 940//940 939//939
f 927//927 928//928 941//941 940//940
f 928//928 929//929 942//942 941//941
f 929//929 930//930 943//943 942//942
f 930//930 931//931 944//944 943//943
f 931//931 932//932 945//945 944//944
f 932//932 933//933 946//946 945//945
f 933//933 934//934 947//947 946//946
f 934//934 935//935 948//948 947//947
f 235//235 253//253 252//252 251//251 233//233 219//219 212//212
f 939//939 940//940 954//954 953//953
f 940//940 941//941 955//955 954//954
f 941//941 942//942 956//956 955//955
f 942//942 943//943 957//957 956//956
f 943//943 944//944 958//958 957//957
f 944//944 945//945 959//959 958//958
f 945//945 946//946 960//960 959//959
f 790//790 794//794 793//793 779//779 780//780
f 1324//1324 1345//1345 1355//1355 1354//1354 1344//1344 1323//1323
f 953//953 954//954 968//968 967//967
f 954//954 955//955 969//969 968//968
f 955//955 956//956 970//970 969//969
f 956//956 957//957 971//971 970//970
f 957//957 958//958 972//972 971//971
f 958//958 959//959 973//973 972//972
f 959//959 960//960 974//974 973//973
f 2055//2055 2056//2056 2057//2057 95//95 94//94 93//93
f 389//389 391//391 407//407 413//413 401//401
f 2022//2022 2044//2044 589//589 574//574 575//575
f 2366//2366 2367//2367 2384//2384 2383//2383 2365//2365
f 1158//1158 1129//1129 2388//2388 2372//2372 70//70 1101//1101 1114//1114 1130//1130 1145//1145
f 519//519 532//532 546//546 545//545 531//531 516//516
f 1142//1142 1175//1175 1174//1174 1127//1127 1113//1113 1100//1100 57//57 2385//2385 2386//2386
f 967//967 968//968 984//984 983//983
f 968//968 969//969 985//985 984//984
f 969//969 970//970 986//986 985//985
f 970//970 971//971 987//987 986//986
f 971//971 972//972 988//988 987//987
f 972//972 973//973 989//989 988//988
f 973//973 974//974 990//990 989//989
f 974//974 975//975 991//991 990//990
f 975//975 976//976 992//992 991//991
f 1564//1564 1571//1571 1544//1544 1535//1535 1551//1551
f 491//491 492//492 500//500 518//518 509//509 497//497
f 1338//1338 1357//1357 1356//1356 1351//1351 1350//1350 1328//1328 1329//1329
f 984//984 985//985 998//998 997//997
f 985//985 986//986 999//999 998//998
f 986//986 987//987 1000//1000 999//999
f 987//987 988//988 1001//1001 1000//1000
f 988//988 989//989 1002//1002 1001//1001
f 989//989 990//990 1003//1003 1002//1002
f 990//990 991//991 1004//1004 1003//1003
f 991//991 992//992 1005//1005 1004//1004
f 2148//2148 2156//2156 2170//2170 2162//2162 2155//2155 2147//2147
f 653//653 679//679 699//699 698//698 670//670 638//638 632//632
f 2028//2028 2031//2031 1085//1085 1080//1080 81//81 2047//2047 2034//2034
f 102//102 110//110 109//109 101//101 96//96 97//97
f 996//996 997//997 1012//1012 1011//1011
f 997//997 998//998 1013//1013 1012//1012
f 998//998 999//999 1014//1014 1013//1013
f 1000//1000 1028//1028 1042//1042 1041//1041 1027//1027 1014//1014 999//999
f 1899//1899 1908//1908 1924//1924 1933//1933 1932//1932 1914//1914
f 1537//1537 1529//1529 1538//1538 1556//1556 1555//1555
f 1002//1002 1003//1003 1016//1016 1015//1015
f 1003//1003 1004//1004 1017//1017 1016//1016
f 1004//1004 1005//1005 1018//1018 1017//1017
f 178//178 166//166 169//169 179//179 193//193 192//192
f 1011//1011 1012//1012 1025//1025 1024//1024
f 1012//1012 1013//1013 1026//1026 1025//1025
f 1013//1013 1014//1014 1027//1027 1026//1026
f 1015//1015 1016//1016 1031//1031 1030//1030
f 1016//1016 1017//1017 1032//1032 1031//1031
f 1017//1017 1018//1018 1033//1033 1032//1032
f 1976//1976 1968//1968 1957//1957 1958//1958 1963//1963 1977//1977
f 1024//1024 1025//1025 1039//1039 1038//1038
f 1025//1025 1026//1026 1040//1040 1039//1039
f 1026//1026 1027//1027 1041//1041 1040//1040
f 1437//1437 1487//1487 1522//1522 1521//1521 1498//1498 1454//1454
f 1028//1028 1029//1029 1043//1043 1042//1042
f 1029//1029 1030//1030 1044//1044 1043//1043
f 1030//1030 1031//1031 1045//1045 1044//1044
f 1031//1031 1032//1032 1046//1046 1045//1045
f 743//743 700//700 701//701 745//745 744//744
f 2240//2240 2255//2255 2254//2254 2253//2253 2239//2239 2224//2224 2225//2225
f 1300//1300 1306//1306 1317//1317 1329//1329 1328//1328 1299//1299
f 1042//1042 1043//1043 1053//1053 1052//1052
f 1135//1135 1150//1150 1149//1149 1134//1134 1118//1118 1119//1119
f 1033//1033 1054//1054 1059//1059 1046//1046 1032//1032
f 1379//1379 1396//1396 1395//1395 1378//1378
f 320//320 2059//2059 2058//2058 316//316 317//317
f 1463//1463 1477//1477 1476//1476 1462//1462
f 879//879 900//900 899//899 878//878
f 424//424 419//419 427//427 443//443 442//442
f 1915//1915 1916//1916 1926//1926 1937//1937 1936//1936
f 820//820 807//807 209//209 191//191 840//840
f 1529//1529 1517//1517 1509//1509 1510//1510 1530//1530 1539//1539 1538//1538
f 948//948 935//935 921//921 906//906 949//949 978//978 993//993 962//962
f 1485//1485 1473//1473 1474//1474 1494//1494 1504//1504 1503//1503
f 1907//1907 1911//1911 1910//1910 1896//1896 1887//1887 1888//1888
f 891//891 902//902 901//901 880//880 881//881
f 260//260 267//267 273//273 278//278 277//277 276//276 259//259
f 410//410 418//418 417//417 415//415 409//409 396//396 394//394
f 477//477 489//489 482//482 461//461 458//458 449//449 450//450
f 1470//1470 1469//1469 1453//1453 1404//1404 1405//1405 38//38 39//39 1471//1471
f 485//485 475//475 481//481 493//493
f 2135//2135 2119//2119 2120//2120 2144//2144 2153//2153 2152//2152
f 834//834 849//849 848//848 827//827 828//828
f 20//20 1689//1689 1739//1739 588//588 52//52 1612//1612
f 2165//2165 2151//2151 2143//2143 2135//2135 2152//2152
f 1081//1081 1087//1087 1086//1086 1076//1076 1077//1077
f 608//608 21//21 73//73 592//592 609//609
f 1254//1254 1291//1291 1310//1310 1322//1322 1336//1336 1331//1331 1321//1321 1281//1281
f 1156//1156 1193//1193 1210//1210 371//371 1144//1144
f 2280//2280 2311//2311 2310//2310 2298//2298 2270//2270 2268//2268
f 50//50 1588//1588 1580//1580 49//49 1024//1024 1038//1038
f 1614//1614 1615//1615 1622//1622 1621//1621 1620//1620
f 48//48 1011//1011 1024//1024 49//49
f 47//47 996//996 1011//1011 48//48
f 45//45 967//967 983//983 46//46
f 44//44 953//953 967//967 45//45
f 43//43 939//939 953//953 44//44
f 42//42 926//926 939//939 43//43
f 40//40 896//896 912//912 41//41
f 40//40 889//889 896//896
f 1041//1041 1042//1042 1052//1052 1051//1051 1040//1040
f 1552//1552 1528//1528 1546//1546 1573//1573
f 469//469 478//478 477//477 450//450 451//451 459//459
f 32//32 722//722 733//733 33//33
f 31//31 710//710 722//722 32//32
f 30//30 702//702 710//710 31//31
f 29//29 692//692 702//702 30//30
f 28//28 683//683 692//692 29//29
f 27//27 672//672 683//683 28//28
f 26//26 663//663 672//672 27//27
f 25//25 654//654 663//663 26//26
f 24//24 643//643 654//654 25//25
f 474//474 463//463 445//445 442//442 443//443 456//456 467//467
f 1999//1999 2000//2000 2008//2008 2018//2018 2017//2017 2016//2016 1998//1998
f 22//22 612//612 619//619 23//23
f 1595//1595 1570//1570 1544//1544 1571//1571 1581//1581 1597//1597
f 1653//1653 1672//1672 1671//1671 1652//1652 1638//1638 8//8 1626//1626 1609//1609 1617//1617
f 1089//1089 1090//1090 1102//1102 1101//1101
f 1906//1906 1930//1930 1929//1929 1921//1921 1905//1905
f 1091//1091 1092//1092 1104//1104 1103//1103
f 1092//1092 1093//1093 1105//1105 1104//1104
f 1093//1093 1094//1094 1106//1106 1105//1105
f 1094//1094 1095//1095 1107//1107 1106//1106
f 1095//1095 1096//1096 1108//1108 1107//1107
f 1096//1096 1097//1097 1109//1109 1108//1108
f 1097//1097 1098//1098 1110//1110 1109//1109
f 1099//1099 1100//1100 1113//1113 1112//1112
f 276//276 277//277 301//301 300//300 299//299 275//275
f 1587//1587 1613//1613 1611//1611 1599//1599 1574//1574 1575//1575 1583//1583
f 1101//1101 1102//1102 1115//1115 1114//1114
f 2147//2147 2155//2155 2154//2154 2150//2150 2134//2134 2121//2121 2122//2122 2125//2125
f 1103//1103 1117//1117 1116//1116
f 1103//1103 1104//1104 1118//1118 1117//1117
f 1104//1104 1105//1105 1119//1119 1118//1118
f 1105//1105 1106//1106 1120//1120 1119//1119
f 1106//1106 1107//1107 1121//1121 1120//1120
f 1107//1107 1108//1108 1122//1122 1121//1121
f 1108//1108 1109//1109 1123//1123 1122//1122
f 1109//1109 1110//1110 1124//1124 1123//1123
f 1110//1110 1111//1111 1125//1125 1124//1124
f 1111//1111 1112//1112 1126//1126 1125//1125
f 1112//1112 1113//1113 1127//1127 1126//1126
f 1114//1114 1115//1115 1131//1131 1130//1130
f 1115//1115 1116//1116 1132//1132 1131//1131
f 1116//1116 1117//1117 1133//1133 1132//1132
f 1117//1117 1118//1118 1134//1134 1133//1133
f 1881//1881 1868//1868 1856//1856 1845//1845 1846//1846 1869//1869 1882//1882
f 1119//1119 1120//1120 1136//1136 1135//1135
f 1120//1120 1121//1121 1137//1137 1136//1136
f 467//467 456//456 457//457 464//464 483//483 488//488
f 234//234 213//213 214//214 236//236 240//240 244//244
f 1123//1123 1124//1124 1139//1139 1138//1138
f 1124//1124 1125//1125 1140//1140 1139//1139
f 1125//1125 1126//1126 1141//1141 1140//1140
f 1126//1126 1127//1127 1141//1141
f 494//494 508//508 507//507 490//490 487//487
f 1963//1963 1959//1959 1960//1960 1969//1969 1988//1988 1984//1984 1977//1977
f 1130//1130 1131//1131 1146//1146 1145//1145
f 1131//1131 1132//1132 1147//1147 1146//1146
f 1132//1132 1133//1133 1148//1148 1147//1147
f 1133//1133 1134//1134 1149//1149 1148//1148
f 254//254 244//244 240//240 258//258 264//264
f 2071//2071 2084//2084 2086//2086 2083//2083 2062//2062 2058//2058 2059//2059
f 1138//1138 1139//1139 1153//1153 1152//1152
f 1139//1139 1140//1140 1154//1154 1153//1153
f 1140//1140 1141//1141 1155//1155 1154//1154
f 1146//1146 1147//1147 1159//1159
f 1147//1147 1148//1148 1160//1160 1159//1159
f 1148//1148 1149//1149 1161//1161 1160//1160
f 1149//1149 1150//1150 1162//1162 1161//1161
f 1151//1151 1152//1152 1166//1166 1165//1165
f 1152//1152 1153//1153 1167//1167 1166//1166
f 1153//1153 1154//1154 1167//1167
f 1988//1988 2003//2003 2009//2009 2008//2008 2000//2000 1984//1984
f 2234//2234 2221//2221 2229//2229 2246//2246 2257//2257 2256//2256 2251//2251
f 1562//1562 1593//1593 1606//1606 1605//1605 1604//1604 1561//1561
f 2072//2072 2094//2094 2093//2093 2084//2084 2071//2071
f 183//183 191//191 209//209 215//215 202//202 182//182
f 1160//1160 1161//1161 1168//1168
f 1161//1161 1162//1162 1169//1169 1168//1168
f 1162//1162 1163//1163 1170//1170 1169//1169
f 1163//1163 1164//1164 1171//1171 1170//1170
f 1164//1164 1165//1165 1172//1172 1171//1171
f 1165//1165 1166//1166 1173//1173 1172//1172
f 1166//1166 1167//1167 1173//1173
f 2385//2385 57//57 58//58 2399//2399 2384//2384
f 679//679 653//653 639//639 640//640 681//681 680//680
f 2212//2212 2238//2238 2237//2237 2236//2236 2223//2223 2211//2211
f 1574//1574 1599//1599 1598//1598 1596//1596 1586//1586 1553//1553 1554//1554
f 2183//2183 2192//2192 2172//2172 2168//2168 2169//2169
f 1653//1653 1617//1617 1607//1607 1608//1608 1610//1610 1627//1627 1654//1654
f 1468//1468 1474//1474 1473//1473 1461//1461 1436//1436 1444//1444
f 1970//1970 1990//1990 1989//1989 1988//1988 1969//1969
f 1568//1568 1603//1603 1602//1602 1601//1601 1567//1567 1542//1542
f 699//699 679//679 680//680 730//730 741//741 740//740
f 1181//1181 1232//1232 1256//1256 1255//1255 1196//1196 1180//1180
f 759//759 765//765 731//731 721//721 732//732
f 2310//2310 2311//2311 56//56 1143//1143 1142//1142 2386//2386
f 1182//1182 1191//1191 1190//1190
f 1182//1182 1183//1183 1192//1192 1191//1191
f 1180//1180 1196//1196 1204//1204 1195//1195 1185//1185
f 1189//1189 1190//1190 1198//1198 1197//1197
f 1190//1190 1191//1191 1199//1199 1198//1198
f 1191//1191 1192//1192 1200//1200 1199//1199
f 1204//1204 1225//1225 1224//1224 1213//1213 1195//1195
f 755//755 770//770 769//769 754//754
f 238//238 227//227 228//228 245//245 255//255
f 31//31 32//32 1307//1307 1302//1302 1290//1290 30//30
f 1197//1197 1207//1207 1206//1206
f 1197//1197 1198//1198 1208//1208 1207//1207
f 1198//1198 1199//1199 1209//1209 1208//1208
f 796//796 825//825 842//842 841//841 824//824 795//795
f 2247//2247 2259//2259 2265//2265 338//338 337//337 2242//2242
f 2043//2043 2050//2050 79//79 76//76 2042//2042
f 1206//1206 1207//1207 1218//1218 1217//1217
f 1207//1207 1208//1208 1219//1219 1218//1218
f 1208//1208 1209//1209 1220//1220 1219//1219
f 1895//1895 1876//1876 1863//1863 1867//1867 1887//1887 1896//1896
f 1215//1215 1216//1216 1235//1235 1234//1234
f 1217//1217 1227//1227 1226//1226
f 1217//1217 1218//1218 1228//1228 1227//1227
f 1218//1218 1219//1219 1229//1229 1228//1228
f 1219//1219 1220//1220 1230//1230 1229//1229
f 1220//1220 1221//1221 1231//1231 1230//1230
f 304//304 305//305 312//312 329//329 328//328 319//319 303//303
f 1067//1067 1070//1070 1080//1080 1085//1085 1079//1079 1074//1074
f 657//657 658//658 667//667 666//666
f 1226//1226 1227//1227 1237//1237 1236//1236
f 2142//2142 2132//2132 2143//2143 2151//2151 2164//2164 2163//2163
f 1229//1229 1230//1230 1239//1239 1238//1238
f 1230//1230 1231//1231 1240//1240 1239//1239
f 1557//1557 1558//1558 1579//1579 1578//1578 1566//1566
f 452//452 440//440 435//435 431//431 441//441 453//453 462//462
f 156//156 168//168 165//165 155//155
f 2277//2277 2278//2278 2286//2286 2285//2285 2284//2284
f 1236//1236 1237//1237 1249//1249 1248//1248
f 1238//1238 1239//1239 1251//1251 1250//1250
f 1239//1239 1240//1240 1252//1252 1251//1251
f 190//190 177//177 178//178 192//192 201//201 208//208
f 2178//2178 2179//2179 2185//2185 2202//2202 2207//2207 2201//2201 2177//2177
f 2207//2207 2226//2226 2225//2225 2224//2224 2206//2206 2201//2201
f 1953//1953 1973//1973 1982//1982 1975//1975 1967//1967 1956//1956 1947//1947
f 778//778 785//785 36//36 35//35 766//766
f 1248//1248 1249//1249 1260//1260 1259//1259
f 1250//1250 1251//1251 1263//1263 1262//1262
f 1251//1251 1252//1252 1264//1264 1263//1263
f 1890//1890 1871//1871 1877//1877 1884//1884
f 1294//1294 1313//1313 1312//1312 1293//1293 1269//1269
f 2075//2075 2074//2074 322//322 323//323 2061//2061 2063//2063 2076//2076
f 1962//1962 1944//1944 1931//1931 1935//1935 1945//1945 1964//1964 1971//1971
f 1259//1259 1260//1260 1274//1274 1273//1273
f 1260//1260 1261//1261 1275//1275 1274//1274
f 1261//1261 1262//1262 1276//1276 1275//1275
f 1262//1262 1263//1263 1277//1277 1276//1276
f 1263//1263 1264//1264 1278//1278 1277//1277
f 195//195 204//204 217//217 225//225 216//216
f 567//567 568//568 582//582 581//581 580//580 566//566
f 502//502 510//510 525//525 532//532 519//519
f 196//196 193//193 179//179 173//173 182//182 202//202
f 1274//1274 1275//1275 1287//1287
f 1275//1275 1276//1276 1288//1288 1287//1287
f 1276//1276 1277//1277 1289//1289 1288//1288
f 1277//1277 1278//1278 1290//1290 1289//1289
f 521//521 522//522 534//534 539//539
f 2171//2171 2160//2160 2140//2140 2141//2141 2142//2142 2163//2163
f 1285//1285 1286//1286 1296//1296 1295//1295
f 230//230 229//229 220//220 210//210 205//205
f 177//177 190//190 189//189 188//188 168//168 156//156 157//157 158//158
f 1287//1287 1288//1288 1300//1300 1299//1299
f 1288//1288 1289//1289 1301//1301 1300//1300
f 1289//1289 1290//1290 1302//1302 1301//1301
f 1822//1822 1854//1854 1860//1860 1844//1844 1831//1831 1821//1821 1806//1806 1807//1807
f 1871//1871 1865//1865 1809//1809 1833//1833 1857//1857 1877//1877
f 2233//2233 2234//2234 2251//2251 2250//2250
f 131//131 150//150 505//505 520//520 77//77
f 99//99 108//108 112//112 111//111 88//88 82//82 83//83
f 1888//1888 1881//1881 1882//1882 1889//1889 1899//1899 1914//1914 1923//1923 1907//1907
f 738//738 716//716 668//668 709//709 739//739
f 521//521 539//539 538//538 527//527 515//515 507//507 508//508
f 1300//1300 1301//1301 1306//1306
f 1301//1301 1302//1302 1307//1307 1306//1306
f 1740//1740 1751//1751 1750//1750 1724//1724 1725//1725
f 1245//1245 1269//1269 1293//1293 1292//1292 1268//1268
f 2174//2174 2195//2195 2210//2210 2216//2216 2184//2184 2173//2173
f 781//781 782//782 804//804 819//819 818//818 816//816 788//788
f 452//452 459//459 451//451 439//439 440//440
f 1306//1306 1307//1307 1318//1318 1317//1317
f 662//662 625//625 607//607 626//626 642//642 671//671
f 1542//1542 1567//1567 1550//1550 53//53 1497//1497 1498//1498 1521//1521
f 1897//1897 1904//1904 1903//1903 1878//1878 1874//1874 1886//1886
f 804//804 782//782 758//758 783//783 805//805
f 282//282 283//283 296//296 307//307 306//306 295//295
f 1170//1170 1171//1171 1177//1177 1176//1176 1168//1168 1169//1169
f 1370//1370 1371//1371 1387//1387 1405//1405 1404//1404 1399//1399
f 2180//2180 2191//2191 2188//2188 2165//2165 2152//2152 2153//2153
f 361//361 384//384 385//385 369//369 359//359 360//360
f 2081//2081 2085//2085 2076//2076 2063//2063 2064//2064 2065//2065
f 1325//1325 1346//1346 1345//1345 1324//1324
f 1898//1898 1894//1894 1895//1895 1896//1896 1910//1910 1922//1922 1925//1925
f 265//265 258//258 240//240 236//236 237//237 238//238 255//255 266//266
f 1077//1077 1076//1076 1075//1075 1068//1068 1069//1069 1061//1061
f 2389//2389 2390//2390 68//68 1090//1090 1089//1089 69//69
f 1206//1206 1217//1217 1226//1226 1216//1216 1187//1187 1188//1188 1189//1189 1197//1197
f 1959//1959 1963//1963 1958//1958 1941//1941 1942//1942
f 741//741 730//730 742//742 758//758 782//782 781//781
f 923//923 863//863 856//856 857//857 883//883 936//936
f 1273//1273 1298//1298 1272//1272 1258//1258 1248//1248 1259//1259
f 1274//1274 1287//1287 1299//1299 1328//1328 1327//1327 1316//1316 1298//1298 1273//1273
f 1386//1386 1402//1402 1412//1412 1411//1411 1385//1385
f 611//611 595//595 596//596 607//607 625//625
f 1976//1976 1977//1977 1984//1984 2000//2000 1999//1999
f 1690//1690 1793//1793 1778//1778 1739//1739 1689//1689
f 980//980 981//981 1037//1037 1036//1036 1035//1035 979//979
f 774//774 787//787 786//786 773//773
f 1172//1172 1173//1173 1177//1177 1171//1171
f 583//583 571//571 584//584 4//4 1912//1912
f 2009//2009 2003//2003 2019//2019 2026//2026 2032//2032 2025//2025 2024//2024
f 1848//1848 1858//1858 1859//1859 1874//1874 1878//1878 1866//1866 1847//1847
f 1456//1456 1472//1472 1491//1491 1490//1490 1455//1455
f 2099//2099 2112//2112 2111//2111 2096//2096 2087//2087 2097//2097
f 2159//2159 2179//2179 2178//2178 2157//2157 2158//2158
f 475//475 468//468 447//447 448//448 465//465 476//476 481//481
f 2267//2267 2270//2270 2298//2298 2339//2339 2338//2338 2324//2324 2309//2309 2297//2297 2287//2287 2279//2279 2266//2266
f 2117//2117 2141//2141 2140//2140 2131//2131 2116//2116
f 2306//2306 2320//2320 2319//2319 2294//2294 2295//2295
f 1982//1982 1995//1995 2002//2002 1987//1987 1975//1975
f 1006//1006 1019//1019 1047//1047 1054//1054 1033//1033 1018//1018 1005//1005
f 234//234 244//244 254//254 253//253 235//235
f 1423//1423 1429//1429 1422//1422 1396//1396 1397//1397 1398//1398
f 2194//2194 2193//2193 2186//2186 2171//2171 2163//2163 2164//2164 2187//2187
f 1019//1019 1007//1007 1008//1008 1020//1020 1056//1056 1055//1055 1047//1047
f 681//681 640//640 641//641 661//661 682//682
f 560//560 554//554 561//561 52//52 588//588 573//573 559//559
f 763//763 751//751 729//729 752//752 764//764
f 1447//1447 1458//1458 1457//1457 1439//1439 1440//1440
f 1912//1912 4//4 1879//1879 1900//1900 1916//1916 1915//1915
f 1979//1979 1972//1972 1980//1980 1994//1994 2007//2007 2006//2006
f 167//167 176//176 171//171 154//154 146//146 139//139
f 335//335 2200//2200 2215//2215 2217//2217 336//336
f 1702//1702 1703//1703 1716//1716 1715//1715
f 1923//1923 1914//1914 1932//1932 1946//1946 1945//1945 1935//1935
f 1137//1137 1164//1164 1163//1163 1136//1136
f 472//472 495//495 494//494 487//487 480//480 471//471
f 485//485 493//493 503//503 510//510 502//502 484//484
f 1365//1365 1391//1391 1390//1390 1364//1364 1352//1352 1353//1353
f 183//183 152//152 153//153 888//888 840//840 191//191
f 1334//1334 446//446 420//420 412//412 414//414
f 1417//1417 1440//1440 1439//1439 1416//1416 1407//1407 1408//1408
f 2035//2035 2036//2036 2049//2049 2048//2048 2046//2046
f 1390//1390 1408//1408 1407//1407 1363//1363 1364//1364
f 1605//1605 1606//1606 1618//1618 17//17 1631//1631 1630//1630
f 1359//1359 1372//1372 1358//1358 1339//1339 1319//1319 1330//1330 1340//1340
f 423//423 424//424 442//442 445//445 444//444
f 863//863 923//923 950//950 965//965 909//909 862//862
f 730//730 680//680 681//681 682//682 720//720 742//742
f 1442//1442 1465//1465 1464//1464 1459//1459 1441//1441
f 394//394 396//396 378//378 379//379 380//380 390//390
f 1906//1906 1898//1898 1925//1925 1934//1934 1930//1930
f 130//130 135//135 134//134 128//128 115//115 113//113 119//119
f 2115//2115 2116//2116 2131//2131 2139//2139 2138//2138 2127//2127
f 1292//1292 1305//1305 1311//1311 1310//1310 1291//1291 1267//1267 1268//1268
f 1424//1424 1423//1423 1398//1398 1369//1369 1370//1370 1399//1399
f 294//294 295//295 306//306 313//313 312//312 305//305
f 363//363 376//376 375//375 373//373 362//362
f 1184//1184 1223//1223 1222//1222 1203//1203 1176//1176 1177//1177
f 586//586 572//572 587//587 5//5 1861//1861
f 212//212 208//208 201//201 213//213 234//234 235//235
f 2067//2067 330//330 325//325 331//331 2069//2069 2068//2068
f 1228//1228 1229//1229 1238//1238 1237//1237 1227//1227
f 2083//2083 2086//2086 2109//2109 2114//2114 2100//2100
f 567//567 549//549 538//538 539//539 534//534 540//540 550//550 568//568
f 1271//1271 1297//1297 1296//1296 1286//1286 1270//1270
f 617//617 659//659 649//649 637//637 630//630 606//606
f 414//414 412//412 404//404 392//392 1253//1253 1279//1279
f 470//470 479//479 469//469 459//459 452//452 462//462
f 119//119 113//113 105//105 106//106 120//120
f 592//592 593//593 597//597 600//600 616//616 615//615 609//609
f 1281//1281 1321//1321 1320//1320 1309//1309 1280//1280
f 86//86 97//97 96//96 89//89 75//75 76//76 79//79
f 1503//1503 1510//1510 1509//1509 1493//1493 1484//1484 1485//1485
f 2121//2121 2134//2134 2133//2133 2118//2118
f 1243//1243 1280//1280 1309//1309 1308//1308 1266//1266
f 1739//1739 1778//1778 5//5 587//587 573//573 588//588
f 360//360 346//346 340//340 352//352 361//361
f 1502//1502 1492//1492 1493//1493 1509//1509 1517//1517
f 1930//1930 1934//1934 1949//1949 1960//1960 1959//1959 1942//1942 1929//1929
f 543//543 544//544 557//557 570//570 569//569 552//552
f 1064//1064 1078//1078 1088//1088 1083//1083 1062//1062 1063//1063
f 1452//1452 1481//1481 1480//1480 1479//1479 1451//1451
f 102//102 97//97 86//86 87//87 90//90 103//103
f 1735//1735 1736//1736 1746//1746 1762//1762 1761//1761
f 496//496 497//497 509//509 517//517 523//523
f 410//410 394//394 390//390 381//381 382//382 397//397 411//411
f 947//947 948//948 961//961 960//960 946//946
f 1987//1987 2002//2002 2011//2011 2020//2020 1993//1993 1986//1986 1981//1981
f 2269//2269 2300//2300 2299//2299 2265//2265 2259//2259 2263//2263
f 688//688 697//697 696//696 687//687 676//676 677//677
f 2012//2012 2006//2006 2007//2007 2013//2013 2031//2031 2028//2028
f 1797//1797 1826//1826 1825//1825 1824//1824 1812//1812 1796//1796
f 885//885 894//894 982//982 981//981 980//980 924//924
f 1540//1540 1533//1533 1534//1534 1541//1541 1549//1549 1558//1558 1557//1557 1548//1548
f 2166//2166 2145//2145 2128//2128 2129//2129 72//72 591//591 2167//2167
f 981//981 982//982 994//994 1022//1022 1049//1049 1058//1058 1037//1037
f 909//909 965//965 964//964 963//963 922//922
f 2228//2228 2231//2231 2245//2245 2244//2244 2243//2243 2227//2227
f 2252//2252 2248//2248 2236//2236 2237//2237 2261//2261 2260//2260
f 1554//1554 1553//1553 1547//1547 1536//1536 1537//1537 1555//1555
f 2169//2169 2149//2149 2150//2150 2154//2154 2173//2173 2184//2184 2183//2183
f 2188//2188 2198//2198 2197//2197 2187//2187 2164//2164 2151//2151 2165//2165
f 286//286 297//297 293//293 272//272 262//262
f 444//444 445//445 463//463 473//473 466//466 455//455
f 186//186 181//181 187//187 211//211 206//206
f 1484//1484 1493//1493 1492//1492 1466//1466 1467//1467
f 772//772 798//798 797//797 771//771
f 352//352 340//340 339//339 1144//1144 371//371 374//374 370//370
f 1809//1809 1865//1865 1864//1864 1861//1861 5//5 1778//1778 1793//1793
f 1436//1436 1461//1461 1460//1460 1443//1443 1421//1421 1422//1422 1429//1429
f 1970//1970 1961//1961 1962//1962 1971//1971 1992//1992 1991//1991 1990//1990
f 911//911 924//924 980//980 979//979 952//952 910//910
f 1338//1338 1329//1329 1317//1317 1318//1318 33//33 34//34
f 2004//2004 2005//2005 2010//2010 2027//2027 2026//2026 2019//2019
f 1581//1581 1571//1571 1564//1564 1572//1572 1582//1582 1585//1585
f 1269//1269 1245//1245 1282//1282 1294//1294
f 1575//1575 1565//1565 1576//1576 1583//1583
f 1403//1403 1421//1421 1412//1412 1402//1402
f 1296//1296 1314//1314 1326//1326 1325//1325 1295//1295
f 1037//1037 1058//1058 1072//1072 1071//1071 1066//1066 1036//1036
f 848//848 872//872 882//882 881//881 871//871 847//847
f 2159//2159 2158//2158 2139//2139 2131//2131 2140//2140 2160//2160
f 1904//1904 1897//1897 1905//1905 1921//1921 1920//1920
f 1079//1079 1085//1085 2031//2031 2013//2013
f 195//195 194//194 184//184 175//175 197//197 204//204
f 2195//2195 2174//2174 2175//2175 2190//2190 2196//2196
f 2072//2072 2073//2073 2074//2074 2075//2075 2087//2087 2096//2096 2095//2095 2094//2094
f 1887//1887 1867//1867 1868//1868 1881//1881 1888//1888
f 818//818 819//819 845//845 864//864 884//884 883//883 857//857
f 662//662 671//671 700//700 743//743 753//753 732//732 721//721 691//691
f 1589//1589 1585//1585 1582//1582 1586//1586 1596//1596
f 135//135 130//130 142//142 157//157 156//156 155//155
f 279//279 285//285 266//266 255//255 245//245 745//745 701//701
f 1291//1291 1254//1254 1222//1222 1223//1223 1244//1244 1267//1267
f 1730//1730 1745//1745 1744//1744 1729//1729 1709//1709 1710//1710
f 265//265 266//266 285//285 291//291 290//290
f 1777//1777 1807//1807 1806//1806 1792//1792 1776//1776
f 1553//1553 1586//1586 1582//1582 1572//1572 1573//1573 1546//1546 1547//1547
f 2098//2098 2082//2082 2077//2077 596//596 595//595 2102//2102
f 1321//1321 1331//1331 1362//1362 1389//1389 1388//1388 1361//1361 1320//1320
f 1599//1599 1611//1611 1610//1610 1608//1608 1598//1598
f 1136//1136 1163//1163 1162//1162 1150//1150 1135//1135
f 1747//1747 1776//1776 1775//1775 1762//1762 1746//1746
f 758//758 742//742 720//720 731//731 765//765 783//783
f 1187//1187 1216//1216 1215//1215 1205//1205 1186//1186
f 225//225 243//243 242//242 224//224 216//216
f 1128//1128 1156//1156 1144//1144 339//339 2354//2354 71//71
f 1343//1343 1374//1374 1365//1365 1353//1353 1332//1332 1333//1333 1337//1337
f 2385//2385 2368//2368 2353//2353 2339//2339 2298//2298 2310//2310 2386//2386
f 925//925 966//966 995//995 1022//1022 994//994
f 1937//1937 1956//1956 1967//1967 1966//1966 1950//1950 1936//1936
f 1614//1614 1620//1620 1619//1619
f 798//798 827//827 826//826 797//797
f 1615//1615 1616//1616 1623//1623 1622//1622
f 132//132 131//131 77//77 118//118 111//111 112//112
f 1057//1057 1065//1065 1084//1084 1078//1078 1064//1064
f 1717//1717 1747//1747 1746//1746 1736//1736 1716//1716
f 1578//1578 1584//1584 1577//1577 1566//1566
f 1270//1270 1286//1286 1285//1285 1284//1284 1255//1255 1256//1256 1257//1257
f 66//66 65//65 1092//1092 1091//1091
f 65//65 64//64 1093//1093 1092//1092
f 64//64 63//63 1094//1094 1093//1093
f 63//63 62//62 1095//1095 1094//1094
f 62//62 61//61 1096//1096 1095//1095
f 61//61 60//60 1097//1097 1096//1096
f 60//60 59//59 1098//1098 1097//1097
f 58//58 57//57 1100//1100 1099//1099
f 751//751 763//763 803//803 813//813 802//802 762//762 750//750
f 699//699 740//740 752//752 729//729 698//698
f 1183//1183 22//22 23//23 1192//1192
f 23//23 24//24 1221//1221 1200//1200 1192//1192
f 1221//1221 24//24 25//25 1231//1231
f 1231//1231 25//25 26//26 1240//1240
f 1240//1240 26//26 27//27 1252//1252
f 1252//1252 27//27 28//28 1264//1264
f 1264//1264 28//28 29//29 1278//1278
f 1278//1278 29//29 30//30 1290//1290
f 2093//2093 2110//2110 2109//2109 2086//2086 2084//2084
f 1307//1307 32//32 33//33 1318//1318
f 1726//1726 1727//1727 1742//1742 1741//1741
f 482//482 486//486 174//174 184//184 194//194 203//203 461//461
f 1326//1326 1314//1314 1315//1315 1348//1348 1347//1347
f 1486//1486 40//40 41//41 1496//1496
f 1496//1496 41//41 42//42 1506//1506
f 1506//1506 42//42 43//43 1513//1513
f 1513//1513 43//43 44//44 1520//1520
f 1520//1520 44//44 45//45 1534//1534
f 1534//1534 45//45 46//46 1541//1541
f 1541//1541 46//46 47//47 1549//1549
f 1549//1549 47//47 48//48
f 408//408 422//422 421//421 413//413 407//407
f 1556//1556 1538//1538 1539//1539 1548//1548 1557//1557
f 1808//1808 1822//1822 1807//1807 1777//1777 1748//1748 1737//1737 1719//1719 1749//1749
f 1625//1625 1626//1626 8//8 9//9
f 1624//1624 1625//1625 9//9 10//10
f 1623//1623 1624//1624 10//10 11//11
f 1622//1622 1623//1623 11//11 12//12
f 1621//1621 1622//1622 12//12 13//13
f 1620//1620 1621//1621 13//13 14//14
f 1619//1619 1620//1620 14//14 15//15
f 1618//1618 1619//1619 15//15 16//16
f 1618//1618 16//16 17//17
f 1735//1735 1761//1761 1760//1760 1734//1734
f 605//605 618//618 617//617 606//606 600//600 597//597 594//594 598//598
f 46//46 983//983 984//984 997//997 996//996 47//47
f 1630//1630 1631//1631 1640//1640 1639//1639
f 1631//1631 1632//1632 1641//1641 1640//1640
f 1632//1632 1633//1633 1642//1642 1641//1641
f 1633//1633 1634//1634 1643//1643 1642//1642
f 513//513 526//526 537//537 536//536 512//512 506//506
f 1635//1635 1636//1636 1649//1649 1648//1648
f 1636//1636 1637//1637 1650//1650 1649//1649
f 1637//1637 1638//1638 1651//1651 1650//1650
f 1638//1638 1652//1652 1651//1651
f 1675//1675 1676//1676 1694//1694 1707//1707 1706//1706 1693//1693 1674//1674
f 1639//1639 1640//1640 1659//1659 1658//1658
f 1640//1640 1641//1641 1660//1660 1659//1659
f 1641//1641 1642//1642 1661//1661 1660//1660
f 1642//1642 1643//1643 1662//1662 1661//1661
f 1643//1643 1644//1644 1663//1663 1662//1662
f 1644//1644 1645//1645 1664//1664 1663//1663
f 1645//1645 1646//1646 1665//1665 1664//1664
f 1646//1646 1647//1647 1666//1666 1665//1665
f 1647//1647 1648//1648 1667//1667 1666//1666
f 1648//1648 1649//1649 1668//1668 1667//1667
f 1649//1649 1650//1650 1669//1669 1668//1668
f 1650//1650 1651//1651 1670//1670 1669//1669
f 1651//1651 1652//1652 1671//1671 1670//1670
f 1454//1454 1498//1498 1497//1497 1475//1475 1431//1431 1432//1432
f 109//109 126//126 125//125 108//108 99//99 100//100 101//101
f 1658//1658 1674//1674 1673//1673
f 1658//1658 1659//1659 1675//1675 1674//1674
f 1659//1659 1660//1660 1676//1676 1675//1675
f 1660//1660 1661//1661 1677//1677 1676//1676
f 1661//1661 1662//1662 1678//1678 1677//1677
f 1662//1662 1663//1663 1679//1679 1678//1678
f 1663//1663 1664//1664 1680//1680 1679//1679
f 1664//1664 1665//1665 1681//1681 1680//1680
f 1665//1665 1666//1666 1682//1682 1681//1681
f 1666//1666 1667//1667 1683//1683 1682//1682
f 1667//1667 1668//1668 1684//1684 1683//1683
f 860//860 908//908 907//907 875//875 859//859
f 1670//1670 1671//1671 1686//1686 1685//1685
f 1671//1671 1672//1672 1687//1687 1686//1686
f 1505//1505 1506//1506 1513//1513 1519//1519 1518//1518 1512//1512
f 1210//1210 1241//1241 1253//1253 392//392 374//374 371//371
f 1673//1673 1674//1674 1693//1693 1692//1692
f 816//816 818//818 857//857 856//856 829//829
f 1676//1676 1677//1677 1695//1695 1694//1694
f 1677//1677 1678//1678 1696//1696 1695//1695
f 1678//1678 1679//1679 1697//1697 1696//1696
f 1679//1679 1680//1680 1698//1698 1697//1697
f 1680//1680 1681//1681 1699//1699 1698//1698
f 1681//1681 1682//1682 1700//1700 1699//1699
f 1682//1682 1683//1683 1701//1701 1700//1700
f 1683//1683 1684//1684 1702//1702 1701//1701
f 1685//1685 1686//1686 1704//1704 1703//1703
f 591//591 72//72 604//604 603//603 602//602
f 1593//1593 1594//1594 1616//1616 1615//1615 1614//1614 1619//1619 1618//1618 1606//1606
f 259//259 276//276 275//275 274//274 263//263 246//246
f 2088//2088 2081//2081 2065//2065 2066//2066 2078//2078 2089//2089
f 544//544 545//545 546//546 560//560 559//559 558//558 557//557
f 21//21 608//608 613//613 612//612 22//22
f 1692//1692 1693//1693 1706//1706 1705//1705
f 804//804 805//805 830//830 851//851 845//845 819//819
f 1694//1694 1695//1695 1708//1708 1707//1707
f 1695//1695 1696//1696 1709//1709 1708//1708
f 1696//1696 1697//1697 1710//1710 1709//1709
f 1697//1697 1698//1698 1711//1711 1710//1710
f 1698//1698 1699//1699 1712//1712 1711//1711
f 1699//1699 1700//1700 1713//1713 1712//1712
f 1700//1700 1701//1701 1714//1714 1713//1713
f 1701//1701 1702//1702 1715//1715 1714//1714
f 1703//1703 1704//1704 1717//1717 1716//1716
f 2091//2091 2068//2068 2069//2069 2070//2070 2080//2080 2092//2092
f 1179//1179 21//21 22//22 1183//1183 1182//1182
f 1129//1129 1157//1157 1128//1128 71//71 2370//2370 2371//2371 2388//2388
f 635//635 646//646 645//645 627//627 628//628
f 1707//1707 1708//1708 1728//1728 1727//1727
f 1708//1708 1709//1709 1729//1729 1728//1728
f 1523//1523 1524//1524 1563//1563 1562//1562 1561//1561 1560//1560
f 1710//1710 1711//1711 1731//1731 1730//1730
f 1711//1711 1712//1712 1732//1732 1731//1731
f 1712//1712 1713//1713 1733//1733 1732//1732
f 1713//1713 1714//1714 1734//1734 1733//1733
f 1714//1714 1715//1715 1735//1735 1734//1734
f 2128//2128 2108//2108 2098//2098 2102//2102 2129//2129
f 2263//2263 2252//2252 2260//2260 2273//2273 2272//2272 2269//2269
f 1727//1727 1728//1728 1743//1743 1742//1742
f 1728//1728 1729//1729 1744//1744 1743//1743
f 852//852 865//865 895//895 886//886
f 1507//1507 1528//1528 1552//1552 1545//1545 1527//1527 1499//1499 1500//1500
f 133//133 138//138 145//145 132//132 112//112 108//108 125//125
f 1489//1489 1488//1488 1438//1438 1446//1446 1455//1455 1490//1490
f 1740//1740 1741//1741 1752//1752 1751//1751
f 1742//1742 1743//1743 1754//1754 1753//1753
f 1743//1743 1744//1744 1755//1755 1754//1754
f 1744//1744 1745//1745 1756//1756 1755//1755
f 1377//1377 1386//1386 1385//1385 1376//1376 1355//1355 1345//1345 1346//1346
f 154//154 171//171 170//170 162//162 151//151
f 865//865 853//853 887//887 937//937 966//966 925//925 895//895
f 1872//1872 1885//1885 1891//1891 1884//1884 1877//1877 1857//1857 1862//1862
f 1751//1751 1752//1752 1765//1765 1764//1764
f 1783//1783 1796//1796 1812//1812 1811//1811 1795//1795 1782//1782 1766//1766 1767//1767
f 1753//1753 1754//1754 1767//1767 1766//1766
f 1754//1754 1755//1755 1768//1768 1767//1767
f 1755//1755 1756//1756 1769//1769 1768//1768
f 1756//1756 1757//1757 1770//1770 1769//1769
f 1757//1757 1758//1758 1771//1771 1770//1770
f 1758//1758 1759//1759 1772//1772 1771//1771
f 1759//1759 1760//1760 1773//1773 1772//1772
f 1760//1760 1761//1761 1774//1774 1773//1773
f 1494//1494 1474//1474 1468//1468 1469//1469 1470//1470 1495//1495
f 1764//1764 1765//1765 1781//1781 1780//1780
f 479//479 470//470 480//480 487//487 490//490 499//499
f 336//336 2217//2217 2242//2242 337//337 345//345 344//344
f 1767//1767 1768//1768 1784//1784 1783//1783
f 1768//1768 1769//1769 1785//1785 1784//1784
f 1769//1769 1770//1770 1786//1786 1785//1785
f 1770//1770 1771//1771 1787//1787 1786//1786
f 1771//1771 1772//1772 1788//1788 1787//1787
f 1772//1772 1773//1773 1789//1789 1788//1788
f 1151//1151 1165//1165 1164//1164 1137//1137 1121//1121 1122//1122
f 832//832 868//868 867//867 846//846 821//821 822//822
f 2247//2247 2235//2235 2248//2248 2252//2252 2263//2263 2259//2259
f 1775//1775 1776//1776 1792//1792 1791//1791
f 1899//1899 1889//1889 1883//1883 1//1 1908//1908
f 1780//1780 1781//1781 1794//1794
f 1781//1781 1782//1782 1795//1795 1794//1794
f 1783//1783 1784//1784 1797//1797 1796//1796
f 1784//1784 1785//1785 1798//1798 1797//1797
f 1785//1785 1786//1786 1799//1799 1798//1798
f 1786//1786 1787//1787 1800//1800 1799//1799
f 1787//1787 1788//1788 1801//1801 1800//1800
f 1788//1788 1789//1789 1802//1802 1801//1801
f 1790//1790 1791//1791 1805//1805 1804//1804
f 1791//1791 1792//1792 1806//1806 1805//1805
f 880//880 901//901 900//900 879//879
f 563//563 564//564 578//578 577//577 576//576 562//562
f 2130//2130 2136//2136 2149//2149 2169//2169 2168//2168 2161//2161 2146//2146
f 1794//1794 1795//1795 1811//1811 1810//1810
f 1442//1442 1441//1441 1411//1411 1412//1412 1421//1421 1443//1443
f 1535//1535 1526//1526 1515//1515 1516//1516 1527//1527 1545//1545 1551//1551
f 279//279 642//642 626//626 315//315 309//309 291//291 285//285
f 1798//1798 1799//1799 1814//1814 1813//1813
f 1799//1799 1800//1800 1815//1815 1814//1814
f 1800//1800 1801//1801 1816//1816 1815//1815
f 1801//1801 1802//1802 1817//1817 1816//1816
f 1802//1802 1803//1803 1818//1818 1817//1817
f 1803//1803 1804//1804 1819//1819 1818//1818
f 1804//1804 1805//1805 1820//1820 1819//1819
f 1805//1805 1806//1806 1821//1821 1820//1820
f 2321//2321 2335//2335 2334//2334 2320//2320 2306//2306 2307//2307
f 1810//1810 1811//1811 1823//1823
f 1811//1811 1812//1812 1824//1824 1823//1823
f 484//484 502//502 519//519 516//516 501//501 488//488 483//483
f 1655//1655 1749//1749 1719//1719 1654//1654 1627//1627 7//7
f 1272//1272 1298//1298 1316//1316 1315//1315 1297//1297 1271//1271
f 1816//1816 1817//1817 1828//1828 1827//1827
f 1817//1817 1818//1818 1829//1829 1828//1828
f 1818//1818 1819//1819 1830//1830 1829//1829
f 1819//1819 1820//1820 1831//1831 1830//1830
f 1820//1820 1821//1821 1831//1831
f 329//329 312//312 313//313 324//324 2066//2066 2065//2065 2064//2064
f 178//178 177//177 158//158 159//159 166//166
f 1823//1823 1824//1824 1834//1834
f 1824//1824 1825//1825 1835//1835 1834//1834
f 1825//1825 1826//1826 1836//1836 1835//1835
f 1827//1827 1828//1828 1841//1841 1840//1840
f 1828//1828 1829//1829 1842//1842 1841//1841
f 1829//1829 1830//1830 1843//1843 1842//1842
f 1830//1830 1831//1831 1844//1844 1843//1843
f 1657//1657 1721//1721 1720//1720 1688//1688 1656//1656
f 718//718 757//757 756//756 717//717
f 335//335 343//343 342//342 74//74 2182//2182 2200//2200
f 1834//1834 1835//1835 1847//1847
f 1835//1835 1836//1836 1848//1848 1847//1847
f 1836//1836 1837//1837 1849//1849 1848//1848
f 1837//1837 1838//1838 1850//1850 1849//1849
f 1838//1838 1839//1839 1851//1851 1850//1850
f 1839//1839 1840//1840 1852//1852 1851//1851
f 1840//1840 1841//1841 1853//1853 1852//1852
f 1841//1841 1842//1842 1853//1853
f 923//923 936//936 951//951 1010//1010 1021//1021 950//950
f 367//367 379//379 378//378 377//377 365//365 366//366
f 795//795 824//824 823//823 794//794 790//790 791//791
f 182//182 173//173 148//148 149//149 152//152 183//183
f 1952//1952 2//2 3//3 1980//1980 1972//1972 1965//1965
f 2102//2102 595//595 611//611 610//610 604//604 72//72 2129//2129
f 107//107 94//94 95//95 98//98 116//116 123//123 122//122
f 103//103 90//90 91//91 92//92 105//105 113//113 115//115
f 1465//1465 1483//1483 1482//1482 1464//1464
f 877//877 898//898 897//897 890//890 876//876
f 449//449 458//458 437//437 438//438
f 836//836 860//860 859//859 855//855 835//835
f 849//849 873//873 872//872 848//848
f 784//784 753//753 743//743 744//744 776//776
f 1967//1967 1975//1975 1987//1987 1981//1981 1966//1966
f 246//246 263//263 257//257 229//229 230//230 239//239
f 416//416 241//241 261//261 387//387 388//388 405//405
f 426//426 439//439 451//451 450//450 449//449 438//438 425//425
f 246//246 239//239 226//226 231//231 247//247 260//260 259//259
f 1006//1006 977//977 962//962 993//993 1007//1007 1019//1019
f 389//389 401//401 393//393 375//375 376//376
f 250//250 268//268 281//281 280//280 273//273 267//267 248//248 249//249
f 553//553 562//562 576//576 575//575 574//574 556//556
f 1741//1741 1742//1742 1753//1753 1752//1752
f 864//864 911//911 910//910 884//884
f 1522//1522 1559//1559 1568//1568 1542//1542 1521//1521
f 1973//1973 1953//1953 1954//1954 1955//1955 1974//1974 1983//1983
f 11//11 10//10 1635//1635 1648//1648 1647//1647
f 1738//1738 1763//1763 1846//1846 1845//1845
f 1432//1432 1413//1413 1425//1425 1433//1433 1437//1437 1454//1454
f 247//247 248//248 267//267 260//260
f 185//185 200//200 199//199 180//180 176//176 167//167 172//172
f 1320//1320 1361//1361 1360//1360 1342//1342 1308//1308 1309//1309
f 1980//1980 3//3 1071//1071 1072//1072 1073//1073 1994//1994
f 1500//1500 1482//1482 1483//1483 1501//1501 1508//1508 1507//1507
f 583//583 582//582 568//568 550//550 551//551 552//552 569//569 571//571
f 700//700 671//671 642//642 279//279 701//701
f 1051//1051 1075//1075 1076//1076 1086//1086 1722//1722 51//51 50//50 1038//1038 1039//1039 1040//1040
f 2162//2162 2175//2175 2174//2174 2173//2173 2154//2154 2155//2155
f 226//226 239//239 230//230 205//205 199//199 200//200 218//218
f 77//77 520//520 524//524 542//542 548//548 118//118
f 145//145 161//161 160//160 150//150 131//131 132//132
f 2206//2206 2224//2224 2239//2239 2238//2238 2212//2212
f 773//773 772//772 738//738 739//739 774//774
f 355//355 343//343 335//335 336//336 344//344 357//357 356//356
f 2250//2250 2251//2251 2256//2256 2271//2271 2280//2280 2268//2268 2264//2264 2249//2249
f 1358//1358 1400//1400 465//465 448//448 446//446 1334//1334 1339//1339
f 2176//2176 2190//2190 2175//2175 2162//2162 2170//2170
f 423//423 444//444 455//455 454//454 453//453 441//441 417//417 418//418
f 2130//2130 2124//2124 2114//2114 2109//2109 2110//2110 2118//2118 2133//2133 2136//2136
f 1098//1098 1099//1099 1112//1112 1111//1111 1110//1110
f 2288//2288 2301//2301 2273//2273 2260//2260 2261//2261 2262//2262 2274//2274 2281//2281 2289//2289
f 652//652 678//678 690//690 689//689 669//669 660//660 651//651
f 233//233 251//251 250//250 249//249 232//232
f 1815//1815 1839//1839 1838//1838 1814//1814
f 299//299 300//300 321//321 2060//2060 320//320 317//317 298//298
f 2374//2374 2390//2390 2389//2389 2373//2373 2355//2355 2356//2356
f 2255//2255 2266//2266 2279//2279 2278//2278 2277//2277 2276//2276 2254//2254
f 342//342 343//343 355//355 354//354 353//353 351//351
f 2209//2209 2192//2192 2183//2183 2184//2184 2216//2216 2218//2218
f 1564//1564 1551//1551 1545//1545 1552//1552 1573//1573 1572//1572
f 2040//2040 2041//2041 2056//2056 2055//2055 2054//2054
f 157//157 142//142 143//143 159//159 158//158
f 1726//1726 1741//1741 1740//1740 1725//1725 1705//1705 1706//1706
f 627//627 645//645 644//644 634//634 620//620 621//621
f 1246//1246 1257//1257 1256//1256 1232//1232 1233//1233
f 2099//2099 2097//2097 2085//2085 2081//2081 2088//2088 2103//2103
f 163//163 172//172 167//167 139//139 140//140 141//141 164//164
f 2025//2025 2039//2039 2038//2038 2030//2030 2023//2023 2024//2024
f 1951//1951 1961//1961 1970//1970 1969//1969 1960//1960 1949//1949
f 1565//1565 1575//1575 1574//1574 1554//1554 1555//1555 1556//1556
f 151//151 162//162 161//161 145//145 138//138
f 1496//1496 1506//1506 1505//1505 1495//1495 1470//1470 1471//1471 1486//1486
f 2001//2001 2010//2010 2005//2005 1991//1991 1992//1992 1985//1985
f 1628//1628 6//6 1656//1656 1688//1688 1655//1655 7//7
f 322//322 2074//2074 2073//2073 2060//2060 321//321
f 241//241 416//416 434//434 223//223 224//224 242//242
f 1373//1373 1381//1381 1359//1359 1340//1340 1335//1335 1341//1341
f 2231//2231 2219//2219 2220//2220 2233//2233 2250//2250 2249//2249 2245//2245
f 1765//1765 1766//1766 1782//1782 1781//1781
f 51//51 1600//1600 1592//1592 1588//1588 50//50
f 1733//1733 1759//1759 1758//1758 1732//1732
f 83//83 82//82 2045//2045 2046//2046 2048//2048 84//84
f 2106//2106 2090//2090 2091//2091 2092//2092 2101//2101 2113//2113
f 1143//1143 1205//1205 1215//1215 1214//1214 1175//1175 1142//1142
f 775//775 815//815 814//814 803//803 763//763 764//764
f 1988//1988 1989//1989 2004//2004 2019//2019 2003//2003
f 893//893 905//905 904//904 892//892 882//882 872//872 873//873 874//874
f 1873//1873 1893//1893 1892//1892 1885//1885 1872//1872
f 837//837 861//861 860//860 836//836 811//811 812//812
f 1993//1993 2020//2020 2022//2022 575//575 576//576 577//577
f 851//851 830//830 831//831 852//852 886//886 894//894 885//885
f 770//770 796//796 795//795 791//791 769//769
f 1968//1968 1976//1976 1999//1999 1998//1998 1997//1997 1983//1983 1974//1974
f 906//906 921//921 905//905 893//893
f 738//738 772//772 771//771 749//749
f 811//811 836//836 835//835 800//800 801//801
f 1326//1326 1347//1347 1346//1346 1325//1325
f 659//659 677//677 676//676 667//667 658//658
f 717//717 756//756 774//774 739//739 709//709
f 2080//2080 2070//2070 332//332 327//327 2077//2077 2082//2082
f 2194//2194 2187//2187 2197//2197 2220//2220 2219//2219
f 2276//2276 2277//2277 2284//2284 2283//2283 2282//2282 2275//2275
f 425//425 438//438 437//437 434//434 416//416 405//405 406//406
f 17//17 1632//1632 1631//1631
f 17//17 16//16 1633//1633 1632//1632
f 16//16 15//15 1634//1634 1633//1633
f 10//10 9//9 1636//1636 1635//1635
f 9//9 8//8 1637//1637 1636//1636
f 8//8 1638//1638 1637//1637
f 142//142 130//130 119//119 120//120 121//121 136//136 143//143
f 103//103 115//115 128//128 114//114 110//110 102//102
f 155//155 165//165 164//164 141//141 134//134 135//135
f 537//537 563//563 562//562 553//553 547//547 536//536
f 387//387 292//292 368//368 372//372 388//388
f 147//147 137//137 123//123 116//116 129//129 144//144
f 2038//2038 2039//2039 2053//2053 80//80 2052//2052
f 2389//2389 69//69 70//70 2372//2372 2373//2373
f 2076//2076 2085//2085 2097//2097 2087//2087 2075//2075
f 1371//1371 1356//1356 1357//1357 36//36 37//37 1387//1387
f 1938//1938 1948//1948 1957//1957 1968//1968 1974//1974 1955//1955
f 1628//1628 1613//1613 1587//1587 1590//1590 6//6
f 296//296 283//283 284//284 289//289 308//308 311//311 310//310
f 216//216 224//224 223//223 203//203 194//194 195//195
f 2028//2028 2034//2034 2033//2033 2027//2027 2010//2010 2001//2001 2012//2012
f 392//392 404//404 395//395 386//386 370//370 374//374
f 847//847 871//871 842//842 843//843
f 1761//1761 1762//1762 1775//1775 1791//1791 1790//1790 1774//1774
f 1394//1394 1410//1410 1409//1409 1393//1393
f 1049//1049 1067//1067 1074//1074 1073//1073 1072//1072 1058//1058
f 2369//2369 1179//1179 1182//1182 1190//1190 1189//1189 1188//1188 55//55 2387//2387
f 675//675 676//676 687//687 686//686
f 1351//1351 1356//1356 1371//1371 1370//1370 1369//1369
f 2066//2066 324//324 330//330 2067//2067 2079//2079 2078//2078
f 1452//1452 1459//1459 1464//1464 1482//1482 1481//1481
f 821//821 809//809 789//789 793//793 822//822
f 1925//1925 1922//1922 1943//1943 1951//1951 1949//1949 1934//1934
f 1989//1989 1990//1990 1991//1991 2005//2005 2004//2004
f 362//362 373//373 372//372 368//368 341//341 347//347
f 527//527 538//538 549//549 565//565 564//564 563//563 537//537 526//526
f 301//301 302//302 318//318 323//323 322//322 321//321 300//300
f 590//590 2167//2167 591//591 602//602 601//601 599//599
f 1854//1854 1822//1822 1808//1808 1832//1832 1855//1855
f 274//274 275//275 299//299 298//298 287//287
f 858//858 875//875 907//907 949//949 906//906 893//893 874//874
f 831//831 792//792 806//806 839//839 853//853 865//865 852//852
f 1917//1917 1927//1927 1926//1926 1916//1916 1900//1900 1901//1901
f 160//160 174//174 486//486 505//505 150//150
f 776//776 744//744 745//745 245//245 228//228 777//777
f 146//146 154//154 151//151 138//138 133//133
f 1347//1347 1378//1378 1377//1377 1346//1346
f 922//922 963//963 978//978 949//949 907//907 908//908
f 2185//2185 2186//2186 2193//2193 2203//2203 2202//2202
f 1478//1478 1516//1516 1515//1515 1477//1477
f 1922//1922 1910//1910 1911//1911 1931//1931 1944//1944 1943//1943
f 1052//1052 1053//1053 1068//1068 1075//1075 1051//1051
f 844//844 862//862 861//861 837//837 838//838
f 447//447 468//468 460//460 433//433 429//429 430//430
f 641//641 610//610 611//611 625//625 662//662 691//691 661//661
f 1427//1427 1428//1428 1456//1456 1455//1455 1446//1446
f 2157//2157 2178//2178 2177//2177 2176//2176 2170//2170 2156//2156
f 217//217 220//220 229//229 257//257 256//256 243//243 225//225
f 1731//1731 1757//1757 1756//1756 1745//1745 1730//1730
f 1901//1901 1890//1890 1884//1884 1891//1891 1909//1909 1917//1917
f 51//51 1722//1722 1721//1721 1657//1657 1600//1600
f 114//114 127//127 126//126 109//109 110//110
f 1870//1870 1869//1869 1846//1846 1763//1763 1087//1087 1081//1081
f 1928//1928 1954//1954 1953//1953 1947//1947 1927//1927 1917//1917 1909//1909 1913//1913 1918//1918
f 2014//2014 2015//2015 2037//2037 2036//2036 2035//2035 2021//2021
f 1611//1611 1613//1613 1628//1628 7//7 1627//1627 1610//1610
f 950//950 1021//1021 1048//1048 1009//1009 964//964 965//965
f 690//690 719//719 718//718 689//689
f 2089//2089 2104//2104 2117//2117 2116//2116 2115//2115 2103//2103 2088//2088
f 1315//1315 1316//1316 1327//1327 1349//1349 1348//1348
f 1138//1138 1152//1152 1151//1151 1122//1122 1123//1123
f 853//853 839//839 820//820 840//840 888//888 887//887
f 2203//2203 2228//2228 2227//2227 2226//2226 2207//2207 2202//2202
f 1335//1335 1340//1340 1330//1330 1303//1303 1304//1304
f 420//420 430//430 429//429 400//400 395//395 404//404 412//412
f 1342//1342 1360//1360 1382//1382 1373//1373 1341//1341
f 1362//1362 1363//1363 1407//1407 1416//1416 1415//1415 1389//1389
f 1247//1247 1271//1271 1270//1270 1257//1257 1246//1246
f 787//787 774//774 756//756 757//757 760//760 800//800 817//817
f 2063//2063 2061//2061 328//328 329//329 2064//2064
f 204//204 197//197 198//198 210//210 220//220 217//217
f 477//477 478//478 506//506 512//512 498//498 489//489
f 1946//1946 1965//1965 1972//1972 1979//1979 1978//1978 1964//1964 1945//1945
f 180//180 198//198 197//197 175//175 170//170 171//171 176//176
f 1705//1705 1725//1725 1724//1724 1692//1692
f 2235//2235 2247//2247 2242//2242 2217//2217 2215//2215 2209//2209 2218//2218
f 1752//1752 1753//1753 1766//1766 1765//1765
f 1750//1750 1779//1779 1723//1723 1724//1724
f 2240//2240 2243//2243 2244//2244 2258//2258 2267//2267 2266//2266 2255//2255
f 507//507 515//515 514//514 499//499 490//490
f 251//251 252//252 269//269 268//268 250//250
f 458//458 461//461 203//203 223//223 434//434 437//437
f 639//639 653//653 632//632 601//601 602//602 603//603
f 1181//1181 1175//1175 1214//1214 1233//1233 1232//1232
f 1875//1875 1860//1860 1854//1854 1855//1855 1863//1863 1876//1876
f 650//650 688//688 677//677 659//659 617//617 618//618 631//631
f 608//608 609//609 615//615 614//614 613//613
f 2017//2017 2029//2029 2043//2043 2042//2042 2037//2037 2015//2015 2016//2016
f 624//624 638//638 670//670 678//678 652//652
f 601//601 632//632 638//638 624//624 605//605 598//598 599//599
f 2083//2083 2100//2100 333//333 347//347 341//341 2062//2062
f 1706//1706 1707//1707 1727//1727 1726//1726
f 767//767 778//778 766//766 746//746 747//747
f 2249//2249 2264//2264 2258//2258 2244//2244 2245//2245
f 964//964 1009//1009 1020//1020 1008//1008 978//978 963//963
f 833//833 869//869 868//868 832//832
f 1049//1049 1022//1022 995//995 1050//1050 1070//1070 1067//1067
f 689//689 718//718 717//717 709//709 668//668 669//669
f 1327//1327 1328//1328 1350//1350 1368//1368 1349//1349
f 1244//1244 1223//1223 1184//1184 1213//1213 1224//1224
f 2139//2139 2158//2158 2157//2157 2156//2156 2148//2148 2137//2137 2138//2138
f 826//826 843//843 842//842 825//825
f 1715//1715 1716//1716 1736//1736 1735//1735
f 1396//1396 1422//1422 1421//1421 1403//1403 1395//1395
f 361//361 352//352 370//370 386//386 384//384
f 179//179 169//169 147//147 144//144 148//148 173//173
f 501//501 516//516 531//531 530//530 529//529 518//518 500//500
f 594//594 2230//2230 2214//2214 2199//2199 590//590 599//599 598//598
f 2222//2222 2213//2213 2214//2214 2230//2230 2232//2232
f 243//243 256//256 262//262 272//272 261//261 241//241 242//242
f 1550//1550 1567//1567 1601//1601 1612//1612 52//52 561//561
f 2274//2274 2275//2275 2282//2282 2281//2281
f 1441//1441 1459//1459 1452//1452 1435//1435
f 2256//2256 2257//2257 2325//2325 2369//2369 2387//2387 2271//2271
f 2278//2278 2279//2279 2287//2287 2286//2286
f 2119//2119 2135//2135 2143//2143 2132//2132 2105//2105 2106//2106 2113//2113
f 1449//1449 1463//1463 1462//1462 1448//1448 1434//1434
f 55//55 56//56 2311//2311 2280//2280 2271//2271 2387//2387
f 2281//2281 2290//2290 2289//2289
f 2281//2281 2282//2282 2291//2291 2290//2290
f 2282//2282 2283//2283 2292//2292 2291//2291
f 2283//2283 2284//2284 2293//2293 2292//2292
f 2284//2284 2285//2285 2294//2294 2293//2293
f 2285//2285 2286//2286 2295//2295 2294//2294
f 2286//2286 2287//2287 2296//2296 2295//2295
f 2287//2287 2297//2297 2296//2296
f 2288//2288 2302//2302 2301//2301
f 2288//2288 2289//2289 2303//2303 2302//2302
f 2289//2289 2290//2290 2304//2304 2303//2303
f 2290//2290 2291//2291 2305//2305 2304//2304
f 1503//1503 1504//1504 1511//1511 1531//1531 1530//1530 1510//1510
f 2295//2295 2296//2296 2307//2307 2306//2306
f 2296//2296 2297//2297 2308//2308 2307//2307
f 2297//2297 2309//2309 2308//2308
f 762//762 802//802 812//812 811//811 801//801 761//761
f 2301//2301 2302//2302 2313//2313 2312//2312
f 2302//2302 2303//2303 2314//2314 2313//2313
f 2303//2303 2304//2304 2315//2315 2314//2314
f 2304//2304 2305//2305 2316//2316 2315//2315
f 581//581 582//582 583//583 1912//1912 1915//1915 1936//1936 1950//1950
f 2307//2307 2308//2308 2322//2322 2321//2321
f 2308//2308 2309//2309 2323//2323 2322//2322
f 2309//2309 2324//2324 2323//2323
f 1034//1034 1010//1010 951//951 952//952 979//979 1035//1035
f 1060//1060 1061//1061 1069//1069 1059//1059 1054//1054 1047//1047 1055//1055
f 2312//2312 2313//2313 2327//2327 2326//2326
f 2313//2313 2314//2314 2328//2328 2327//2327
f 2314//2314 2315//2315 2329//2329 2328//2328
f 2315//2315 2316//2316 2330//2330 2329//2329
f 2316//2316 2317//2317 2331//2331 2330//2330
f 2317//2317 2318//2318 2332//2332 2331//2331
f 2318//2318 2319//2319 2333//2333 2332//2332
f 2319//2319 2320//2320 2334//2334 2333//2333
f 2321//2321 2322//2322 2336//2336 2335//2335
f 2322//2322 2323//2323 2337//2337 2336//2336
f 2323//2323 2324//2324 2338//2338 2337//2337
f 2326//2326 2341//2341 2340//2340
f 2326//2326 2327//2327 2342//2342 2341//2341
f 2327//2327 2328//2328 2343//2343 2342//2342
f 2328//2328 2329//2329 2344//2344 2343//2343
f 2329//2329 2330//2330 2345//2345 2344//2344
f 2330//2330 2331//2331 2346//2346 2345//2345
f 2331//2331 2332//2332 2347//2347 2346//2346
f 2332//2332 2333//2333 2348//2348 2347//2347
f 2333//2333 2334//2334 2349//2349 2348//2348
f 2334//2334 2335//2335 2350//2350 2349//2349
f 2337//2337 2338//2338 2352//2352 2351//2351
f 2338//2338 2339//2339 2353//2353 2352//2352
f 1533//1533 1540//1540 1532//1532 1518//1518 1519//1519
f 1880//1880 1875//1875 1876//1876 1895//1895 1894//1894
f 589//589 2044//2044 2045//2045 82//82 88//88 78//78
f 2341//2341 2342//2342 2356//2356 2355//2355
f 2342//2342 2343//2343 2357//2357 2356//2356
f 2343//2343 2344//2344 2358//2358 2357//2357
f 2344//2344 2345//2345 2359//2359 2358//2358
f 2345//2345 2346//2346 2360//2360 2359//2359
f 2346//2346 2347//2347 2361//2361 2360//2360
f 2347//2347 2348//2348 2362//2362 2361//2361
f 2348//2348 2349//2349 2363//2363 2362//2362
f 2349//2349 2350//2350 2364//2364 2363//2363
f 1266//1266 1265//1265 1212//1212 1194//1194 1201//1201 1202//1202 1243//1243
f 2351//2351 2366//2366 2365//2365
f 2351//2351 2352//2352 2367//2367 2366//2366
f 2352//2352 2353//2353 2368//2368 2367//2367
f 1363//1363 1362//1362 1331//1331 1336//1336
f 1127//1127 1174//1174 1178//1178 1155//1155 1141//1141
f 2210//2210 2223//2223 2236//2236 2248//2248 2235//2235 2218//2218 2216//2216
f 2356//2356 2357//2357 2375//2375 2374//2374
f 2357//2357 2358//2358 2376//2376 2375//2375
f 2358//2358 2359//2359 2377//2377 2376//2376
f 2359//2359 2360//2360 2378//2378 2377//2377
f 2360//2360 2361//2361 2379//2379 2378//2378
f 2361//2361 2362//2362 2380//2380 2379//2379
f 2362//2362 2363//2363 2381//2381 2380//2380
f 2363//2363 2364//2364 2382//2382 2381//2381
f 2364//2364 2365//2365 2383//2383 2382//2382
f 1247//1247 1234//1234 1235//1235 1258//1258 1272//1272 1271//1271
f 2367//2367 2368//2368 2385//2385 2384//2384
f 1875//1875 1880//1880 1886//1886 1874//1874 1859//1859 1852//1852 1853//1853 1842//1842 1843//1843 1844//1844 1860//1860
f 2398//2398 2399//2399 58//58 59//59
f 1297//1297 1315//1315 1314//1314 1296//1296
f 1723//1723 1779//1779 1833//1833 1809//1809 1793//1793 1690//1690 1691//1691
f 2376//2376 2377//2377 2392//2392 2391//2391
f 2377//2377 2378//2378 2393//2393 2392//2392
f 2378//2378 2379//2379 2394//2394 2393//2393
f 2379//2379 2380//2380 2395//2395 2394//2394
f 2380//2380 2381//2381 2396//2396 2395//2395
f 2381//2381 2382//2382 2397//2397 2396//2396
f 2382//2382 2383//2383 2398//2398 2397//2397
f 1295//1295 1325//1325 1324//1324 1283//1283 1284//1284 1285//1285
f 1955//1955 1954//1954 1928//1928 1938//1938
f 1579//1579 1580//1580 1588//1588 1592//1592 1591//1591 1584//1584 1578//1578
f 2397//2397 2398//2398 59//59 60//60
f 2396//2396 2397//2397 60//60 61//61
f 2395//2395 2396//2396 61//61 62//62
f 2394//2394 2395//2395 62//62 63//63
f 2393//2393 2394//2394 63//63 64//64
f 2392//2392 2393//2393 64//64 65//65
f 2391//2391 2392//2392 65//65 66//66
f 53//53 1550//1550 561//561 554//554 541//541 533//533
f 294//294 305//305 304//304 288//288 280//280 281//281
